{"stats":{"minecraft:broken":{"minecraft:stone_pickaxe":2,"securitycraft:universal_block_reinforcer_lvl1":3,"minecraft:chainmail_leggings":1,"minecraft:chainmail_helmet":1,"minecraft:wooden_pickaxe":1,"vanillaplustools:stone_hammer":2,"fabledweaponry:waraxe_iron":1,"minecraft:leather_boots":1},"minecraft:picked_up":{"spore:incubator":1,"spore:mutated_heart":1,"minecraft:lead":4,"minecraft:diamond_sword":1,"minecraft:potion":1,"minecraft:stone_brick_stairs":5,"travelersbackpack:spider":1,"minecraft:brewing_stand":1,"spore:innards":1,"minecraft:string":21,"minecraft:raw_copper":123,"minecraft:cooked_salmon":4,"securitycraft:reinforced_dirt":4,"spore:rusted_reinforced_door":2,"vanillaplustools:stone_shovel":1,"comforts:sleeping_bag_black":2,"minecraft:cobbled_deepslate":198,"minecraft:gold_nugget":4,"minecraft:smooth_stone":1,"spore:infested_sand":1,"securitycraft:reinforced_oak_log":1,"fabledweaponry:greatsword_iron":1,"minecraft:furnace":2,"minecraft:tipped_arrow":1,"minecraft:stick":12,"minecraft:deepslate_brick_wall":6,"tombstone:decorative_grave_original":4,"minecraft:torch":54,"minecraft:porkchop":6,"minecraft:golden_axe":2,"tombstone:grave_dust":5,"spore:biomass":4,"minecraft:diorite":6,"minecraft:golden_chestplate":1,"minecraft:brown_carpet":3,"minecraft:orange_bed":1,"minecraft:quartz_block":1,"minecraft:rotten_flesh":25,"securitycraft:reinforced_chiseled_sandstone":1,"minecraft:iron_bars":9,"minecraft:cobblestone":3511,"minecraft:nautilus_shell":1,"minecraft:birch_log":25,"minecraft:lilac":1,"minecraft:feather":7,"minecraft:cooked_beef":133,"securitycraft:reinforced_smooth_sandstone":1,"minecraft:andesite":82,"minecraft:potato":1,"paraglider:spirit_orb":32,"create:raw_zinc":8,"minecraft:tuff":5,"fabledweaponry:longbow_leather":1,"minecraft:lantern":15,"minecraft:lapis_lazuli":87,"minecraft:dirt":2922,"securitycraft:sentry":1,"minecraft:polished_granite":1,"minecraft:leather_boots":1,"minecraft:bone":30,"minecraft:bow":3,"minecraft:wheat_seeds":14,"minecraft:raw_gold":12,"minecraft:bell":1,"comforts:sleeping_bag_pink":15,"easy_npc:easy_npc_wand":1,"minecraft:oak_planks":140,"minecraft:mossy_stone_brick_stairs":6,"spore:cerebrum":4,"minecraft:cooked_porkchop":18,"spore:armor_fragment":40,"minecraft:oak_pressure_plate":1,"minecraft:sand":320,"minecraft:grass_block":1,"minecraft:mossy_cobblestone":5,"securitycraft:universal_block_remover":5,"spore:claw_fragment":30,"minecraft:yellow_carpet":4,"minecraft:diamond":7,"minecraft:granite":18,"minecraft:bone_meal":1,"minecraft:golden_apple":1,"minecraft:bread":23,"spore:spine_fragment":2,"minecraft:oak_sapling":13,"minecraft:bricks":2,"minecraft:cocoa_beans":2,"minecraft:crafting_table":4,"minecraft:chicken":5,"minecraft:leather_leggings":2,"minecraft:wooden_pickaxe":2,"minecraft:gold_block":2,"minecraft:cornflower":1,"securitycraft:reinforced_white_wool":1,"spore:infested_cobblestone":41,"minecraft:white_carpet":5,"minecraft:cyan_carpet":3,"minecraft:cracked_stone_bricks":4,"spore:rotten_planks":9,"minecraft:beef":2,"minecraft:oak_boat":2,"travelersbackpack:black_sleeping_bag":1,"minecraft:poppy":1,"minecraft:tinted_glass":4,"minecraft:sugar_cane":8,"minecraft:birch_sapling":3,"securitycraft:reinforced_cobblestone_stairs":2,"minecraft:raw_iron":88,"smallships:spruce_brigg":1,"securitycraft:reinforced_cobblestone":49,"spore:wing_membrane":1,"minecraft:carrot":5,"minecraft:redstone":100,"spartanshields:stone_basic_shield":1,"minecraft:arrow":185,"minecraft:stone_shovel":1,"minecraft:beetroot_seeds":3,"minecraft:hay_block":31,"spore:tendons":4,"minecraft:mutton":11,"minecraft:white_wool":9,"spore:cdu":7,"minecraft:lime_bed":2,"minecraft:salmon":4,"minecraft:leather":3,"minecraft:birch_planks":37,"minecraft:oak_log":100,"minecraft:golden_boots":2,"minecraft:cobblestone_stairs":8,"minecraft:gunpowder":7,"fabledweaponry:waraxe_iron":1,"tombstone:gift":1,"minecraft:cooked_mutton":3,"minecraft:red_carpet":4,"minecraft:apple":9,"minecraft:stone_bricks":9,"minecraft:kelp":7,"minecraft:iron_ingot":4,"minecraft:stone_pickaxe":2,"minecraft:cooked_chicken":8,"spore:mutated_fiber":77,"securitycraft:universal_block_reinforcer_lvl1":4,"tombstone:bag_of_seeds":1,"minecraft:book":18,"minecraft:stone_brick_slab":1,"minecraft:gravel":3,"minecraft:amethyst_shard":12,"minecraft:mossy_stone_brick_slab":6,"minecraft:green_carpet":3,"minecraft:spider_eye":1,"minecraft:spruce_door":1,"minecraft:leather_helmet":2,"travelersbackpack:standard":2,"minecraft:pumpkin_seeds":6,"fabledweaponry:ballista_iron":2,"minecraft:chainmail_leggings":1,"minecraft:stone_axe":1,"minecraft:painting":3,"minecraft:mossy_cobblestone_stairs":4,"tombstone:magic_scroll":1,"minecraft:coal":131,"minecraft:sunflower":1,"minecraft:ender_pearl":6},"minecraft:killed_by":{"minecraft:creeper":2,"spore:knight":2,"spore:inquisitor":1,"spore:griefer":1,"spore:inf_pillager":1,"spore:inf_player":4,"minecraft:cave_spider":1,"spore:inf_villager":2,"minecraft:zombie":2,"spore:wendigo":2,"spore:umarmed":1,"minecraft:player":3,"spore:busser":6,"minecraft:spider":1,"spore:usurper":6,"spore:delusioner":1,"minecraft:skeleton":1,"spore:inf_witch":1,"spore:brot":3},"minecraft:mined":{"minecraft:large_amethyst_bud":1,"create:deepslate_zinc_ore":8,"spore:infested_sand":3,"spore:wall_growths":3,"tombstone:decorative_grave_original":2,"minecraft:mossy_stone_brick_slab":3,"spore:infested_cobblestone":42,"minecraft:cobblestone_stairs":6,"minecraft:brewing_stand":1,"minecraft:granite":11,"minecraft:grass_block":12,"spore:fungal_stem":1,"minecraft:oak_pressure_plate":1,"minecraft:spawner":16,"spore:mycelium_veins":4,"minecraft:mossy_cobblestone_stairs":4,"minecraft:iron_ore":24,"minecraft:cobbled_deepslate":9,"minecraft:deepslate_lapis_ore":11,"spore:growth_mycelium":2,"minecraft:iron_bars":6,"comforts:sleeping_bag_pink":1,"minecraft:orange_bed":1,"minecraft:deepslate_redstone_ore":14,"minecraft:quartz_block":1,"minecraft:deepslate_brick_wall":6,"minecraft:amethyst_cluster":3,"minecraft:blue_stained_glass":6,"spore:growths_big":1,"minecraft:torch":29,"minecraft:cobblestone":424,"minecraft:sugar_cane":3,"minecraft:oak_planks":12,"minecraft:bricks":2,"minecraft:wall_torch":26,"minecraft:deepslate_copper_ore":3,"minecraft:tinted_glass":4,"minecraft:birch_log":25,"minecraft:wheat":5,"minecraft:lilac":1,"minecraft:stone_brick_stairs":5,"minecraft:grass":11,"minecraft:oak_log":96,"minecraft:beetroots":3,"minecraft:sand":330,"minecraft:dirt":215,"spore:hanging_fungal_stem":1,"spore:remains":1,"minecraft:netherrack":1,"minecraft:oak_leaves":13,"minecraft:deepslate":211,"minecraft:tuff":6,"spore:wall_growths_big":4,"minecraft:mossy_cobblestone":5,"minecraft:deepslate_diamond_ore":2,"minecraft:glow_lichen":1,"spore:growths_small":1,"minecraft:hay_block":30,"minecraft:redstone_ore":8,"minecraft:furnace":3,"minecraft:carrots":2,"spore:blomfung":5,"spore:cdu":2,"minecraft:andesite":70,"minecraft:bell":1,"minecraft:gold_block":2,"minecraft:mossy_stone_brick_stairs":6,"minecraft:bookshelf":6,"minecraft:potatoes":1,"minecraft:deepslate_iron_ore":68,"spore:biomass_bulb":1,"minecraft:stone":3200,"minecraft:stone_brick_slab":1,"minecraft:polished_granite":1,"minecraft:crafting_table":2,"minecraft:cornflower":1,"minecraft:tall_grass":1,"minecraft:copper_ore":25,"minecraft:lapis_ore":3,"minecraft:deepslate_gold_ore":12,"minecraft:diorite":6,"minecraft:black_stained_glass":2,"minecraft:birch_planks":7,"minecraft:lime_bed":2,"spore:bloomfung2":4,"minecraft:birch_leaves":3,"spore:fungal_stem_top":1,"minecraft:coal_ore":95,"minecraft:gravel":3,"minecraft:cracked_stone_bricks":3,"minecraft:stone_bricks":7,"minecraft:mossy_stone_bricks":1},"minecraft:killed":{"spore:inf_hazmat":2,"minecraft:cave_spider":3,"minecraft:spider":8,"spore:leaper":1,"minecraft:skeleton":17,"minecraft:chicken":5,"spore:delusioner":3,"minecraft:pig":3,"spore:inf_player":5,"minecraft:zombie_villager":1,"minecraft:salmon":5,"spore:inf_drowned":1,"minecraft:creeper":4,"minecraft:sheep":5,"spore:inf_villager":5,"minecraft:trader_llama":1,"spore:mound":2,"spore:inf_human":10,"minecraft:zombie":13,"minecraft:stray":2,"minecraft:cow":1,"minecraft:phantom":1,"spore:inquisitor":2,"spore:verva":1,"minecraft:drowned":1,"minecraft:wandering_trader":1,"spore:inf_pillager":2,"spore:busser":1,"spore:inf_husk":1,"minecraft:enderman":3},"minecraft:custom":{"minecraft:interact_with_crafting_table":81,"minecraft:open_barrel":2,"minecraft:leave_game":23,"minecraft:time_since_death":10501,"minecraft:sprint_one_cm":1432726,"minecraft:damage_blocked_by_shield":698,"minecraft:drop":122,"minecraft:talked_to_villager":2,"minecraft:play_time":1046222,"minecraft:deaths":50,"tombstone:tomb_raiding":1,"minecraft:jump":11679,"minecraft:walk_on_water_one_cm":125360,"minecraft:interact_with_furnace":31,"minecraft:sleep_in_bed":19,"tombstone:sneak_grave":14,"minecraft:damage_dealt":30925,"minecraft:player_kills":7,"minecraft:crouch_one_cm":138711,"tombstone:undead_killed":34,"minecraft:interact_with_smoker":1,"minecraft:mob_kills":114,"minecraft:damage_dealt_resisted":41,"minecraft:climb_one_cm":11766,"minecraft:walk_one_cm":3082229,"minecraft:damage_dealt_absorbed":76,"minecraft:sneak_time":38461,"minecraft:walk_under_water_one_cm":307678,"minecraft:boat_one_cm":201513,"minecraft:interact_with_blast_furnace":2,"minecraft:total_world_time":1046222,"spartanshields:shield_bash_hits":2,"tombstone:raider_killed":1,"minecraft:tune_noteblock":1,"minecraft:interact_with_stonecutter":6,"minecraft:time_since_rest":178,"minecraft:damage_taken":18529,"minecraft:damage_absorbed":209,"minecraft:swim_one_cm":355055,"minecraft:fly_one_cm":1911259,"minecraft:open_chest":356,"minecraft:fall_one_cm":117045},"minecraft:dropped":{"easy_npc:easy_npc_wand":1,"minecraft:brown_mushroom":1,"minecraft:porkchop":3,"minecraft:birch_planks":32,"minecraft:oak_pressure_plate":1,"minecraft:oak_log":8,"minecraft:crafting_table":1,"minecraft:cooked_porkchop":6,"travelersbackpack:black_sleeping_bag":1,"travelersbackpack:standard":2,"minecraft:leather_helmet":1,"minecraft:dirt":9,"minecraft:gold_nugget":8,"paraglider:paraglider":1,"minecraft:stone_axe":1,"vanillaplustools:stone_shovel":1,"spartanshields:stone_basic_shield":1,"minecraft:golden_chestplate":1,"minecraft:birch_sapling":3,"minecraft:rotten_flesh":2,"minecraft:mossy_stone_brick_slab":3,"minecraft:lime_bed":1,"minecraft:leather_boots":2,"vanillaplustools:stone_hammer":1,"minecraft:leather_leggings":4,"minecraft:iron_bars":2,"minecraft:arrow":108,"minecraft:stone_brick_stairs":2,"comforts:sleeping_bag_black":1,"minecraft:golden_boots":1,"minecraft:enchanted_book":1,"minecraft:bread":50,"minecraft:wheat_seeds":12,"minecraft:feather":1,"minecraft:golden_axe":2,"minecraft:cobblestone":64,"minecraft:granite":6,"minecraft:spruce_door":1,"minecraft:grass_block":2,"minecraft:golden_apple":2,"minecraft:coal":2,"minecraft:stick":4,"minecraft:torch":9,"fabledweaponry:greatsword_iron":2,"tombstone:grave_key":3,"tombstone:grave_dust":2,"fabledweaponry:ballista_iron":1,"minecraft:smooth_stone":1,"minecraft:string":3,"fabledweaponry:longbow_leather":1,"minecraft:stone_brick_slab":1,"minecraft:kelp":6,"smallships:spruce_brigg":1,"minecraft:raw_copper":32,"spore:mutated_fiber":3,"minecraft:pumpkin_seeds":9,"minecraft:flint_and_steel":1,"securitycraft:universal_block_remover":5,"minecraft:diamond_sword":2,"minecraft:hay_block":1,"minecraft:andesite":33,"minecraft:oak_boat":3,"minecraft:bow":2,"minecraft:stone_pickaxe":2,"minecraft:wooden_pickaxe":1,"securitycraft:universal_block_reinforcer_lvl1":9},"minecraft:used":{"spore:cdu":8,"minecraft:writable_book":3,"securitycraft:reinforced_cobblestone_stairs":10,"fabledweaponry:waraxe_iron":143,"securitycraft:keypad_trapdoor":2,"spore:biomass_block":5,"minecraft:chest":36,"minecraft:zombie_spawn_egg":15,"spore:gas_mask":1,"securitycraft:keypad_item":1,"minecraft:blue_stained_glass":38,"minecraft:carrot":6,"easy_npc:humanoid_spawn_egg":7,"spore:rusted_reinforced_door":2,"minecraft:glass":27,"create:train_trapdoor":1,"minecraft:bricks":368,"minecraft:lantern":37,"minecraft:grass_block":132,"spore:vent_plate":104,"create:copper_bars":6,"minecraft:stone_bricks":2,"minecraft:red_carpet":14,"minecraft:brown_carpet":6,"minecraft:bow":1,"minecraft:hay_block":2,"minecraft:furnace":3,"travelersbackpack:enderman":7,"fabledweaponry:maul_netherite":13,"minecraft:deepslate_brick_wall":263,"travelersbackpack:spider":11,"securitycraft:electrified_iron_fence":2,"easy_npc:easy_npc_wand":2,"securitycraft:reinforced_smooth_sandstone":344,"spore:slasher_spawnegg":1,"minecraft:stone_pickaxe":334,"minecraft:oak_planks":618,"minecraft:wooden_pickaxe":38,"securitycraft:keypad_frame":1,"minecraft:white_wool":331,"elevatorid:elevator_white":2,"minecraft:golden_apple":6,"minecraft:blast_furnace":4,"securitycraft:universal_block_remover":25,"minecraft:cave_spider_spawn_egg":2,"spore:container":5,"minecraft:black_bed":2,"spore:calcified_biomass_block":2,"minecraft:lever":2,"spore:illusion_spawnegg":1,"securitycraft:reinforced_chiseled_sandstone":109,"minecraft:chiseled_sandstone":119,"minecraft:bread":52,"minecraft:cyan_bed":1,"spartanshields:stone_basic_shield":30,"minecraft:cyan_carpet":22,"minecraft:stone_button":4,"minecraft:red_terracotta":102,"minecraft:polished_granite":1,"tombstone:grave_key":24,"easy_npc:fairy_spawn_egg":1,"minecraft:diamond_sword":52,"smallships:spruce_brigg":1,"minecraft:andesite":6,"minecraft:chain":9,"create:andesite_bars":2,"securitycraft:reinforced_oak_log":14,"minecraft:oak_fence":5,"minecraft:netherite_sword":65,"spore:infected_human_spawnegg":1,"create:brass_door":3,"minecraft:enchanting_table":1,"minecraft:armor_stand":6,"minecraft:stone_shovel":18,"spore:zoaholic":3,"minecraft:mycelium":1,"vanillaplustools:stone_hammer":393,"travelersbackpack:black_sleeping_bag":8,"minecraft:cooked_salmon":3,"comforts:sleeping_bag_pink":15,"minecraft:orange_bed":1,"minecraft:torch":176,"spore:vent_door":6,"spore:incubator":4,"minecraft:brewing_stand":1,"minecraft:dirt":1457,"minecraft:anvil":2,"create:andesite_door":1,"minecraft:white_carpet":27,"create:copycat_panel":23,"minecraft:spruce_stairs":14,"minecraft:yellow_carpet":17,"minecraft:bookshelf":28,"minecraft:oak_stairs":27,"create:copycat_step":7,"fabledweaponry:scimitar_netherite":4,"create:brass_bars":29,"easy_npc:illusioner_spawn_egg":1,"spore:gastric_biomass_block":1,"minecraft:barrel":3,"easy_npc:villager_spawn_egg":1,"paraglider:rito_goddess_statue":2,"securitycraft:sentry":11,"siren_head:siren_head_spawn_egg":2,"easy_npc:stray_spawn_egg":2,"minecraft:glowstone":4,"minecraft:drowned_spawn_egg":8,"fabledweaponry:scythe_iron":185,"tombstone:gift":6,"fabledweaponry:scythe_netherite":31,"minecraft:cobbled_deepslate":115,"minecraft:acacia_planks":64,"spore:rusted_vent_plate":4,"tombstone:decorative_grave_original":5,"minecraft:cooked_mutton":1,"minecraft:cobblestone_stairs":4,"securitycraft:reinforced_cobblestone":4,"minecraft:birch_planks":9,"minecraft:netherite_chestplate":1,"easy_npc:easy_npc_preset":2,"spore:reinforced_door":2,"minecraft:cauldron":1,"minecraft:leather_boots":2,"minecraft:stonecutter":2,"vanillaplustools:netherite_hammer":131,"easy_npc:wither_skeleton_spawn_egg":6,"minecraft:cracked_stone_bricks":2,"minecraft:lime_bed":5,"minecraft:crafting_table":7,"minecraft:oak_slab":182,"minecraft:white_bed":1,"vanillaplustools:stone_shovel":116,"minecraft:painting":28,"securitycraft:reinforced_bricks":152,"minecraft:smoker":5,"tombstone:bag_of_seeds":2,"minecraft:oak_log":173,"minecraft:wooden_hoe":17,"minecraft:acacia_stairs":49,"minecraft:oak_button":2,"minecraft:iron_pickaxe":164,"minecraft:netherite_axe":26,"create:copper_ladder":11,"minecraft:stone_axe":274,"minecraft:green_carpet":9,"minecraft:cobblestone":1868,"securitycraft:reinforced_white_wool":99,"travelersbackpack:standard":12,"spore:lab_block2":36,"securitycraft:admin_tool":4,"minecraft:cooked_porkchop":12,"fabledweaponry:ballista_iron":19,"minecraft:glass_pane":5,"spore:rooted_biomass":3,"minecraft:birch_stairs":1},"minecraft:crafted":{"minecraft:oak_planks":352,"travelersbackpack:enderman":1,"minecraft:cooked_mutton":12,"securitycraft:laser_block":9,"minecraft:glass":70,"tombstone:grave_key":1,"minecraft:chest":12,"vanillaplustools:stone_shovel":1,"minecraft:blue_stained_glass":40,"minecraft:crafting_table":5,"minecraft:birch_planks":80,"minecraft:stick":120,"minecraft:iron_ingot":3,"minecraft:iron_pickaxe":1,"minecraft:iron_block":1,"minecraft:shears":1,"securitycraft:universal_block_reinforcer_lvl1":9,"minecraft:stone_shovel":9,"vanillaplustools:stone_hammer":4,"minecraft:furnace":1,"minecraft:glass_pane":64,"minecraft:deepslate_brick_wall":2,"securitycraft:universal_block_remover":1,"minecraft:iron_hoe":1,"minecraft:stone_pickaxe":39,"minecraft:redstone_block":9,"minecraft:wheat":252,"elevatorid:elevator_white":2,"fabledweaponry:scythe_iron":1,"minecraft:cooked_salmon":8,"minecraft:bread":84,"minecraft:air":0,"minecraft:blue_dye":8,"minecraft:white_bed":1,"minecraft:torch":96}},"DataVersion":3465}