{"stats":{"minecraft:crafted":{"minecraft:oak_planks":4,"minecraft:crafting_table":1},"minecraft:killed":{"minecraft:zombie":1},"minecraft:used":{"minecraft:crafting_table":1},"minecraft:picked_up":{"minecraft:rotten_flesh":1,"minecraft:oak_log":1,"minecraft:oak_sapling":1},"minecraft:mined":{"minecraft:grass":1,"minecraft:oak_log":1,"minecraft:oak_leaves":2},"minecraft:custom":{"minecraft:time_since_rest":17748,"minecraft:crouch_one_cm":288,"minecraft:damage_taken":330,"minecraft:sprint_one_cm":13484,"minecraft:play_time":23295,"minecraft:deaths":1,"minecraft:walk_one_cm":24427,"minecraft:sneak_time":190,"minecraft:mob_kills":1,"minecraft:jump":74,"minecraft:damage_dealt":193,"minecraft:leave_game":4,"minecraft:time_since_death":17721,"minecraft:total_world_time":23295,"minecraft:interact_with_crafting_table":1,"minecraft:fall_one_cm":1611,"minecraft:fly_one_cm":7044},"minecraft:killed_by":{"minecraft:zombie":1}},"DataVersion":3465}