{"stats":{"minecraft:killed":{"minecraft:zombie":1},"minecraft:picked_up":{"minecraft:rotten_flesh":1},"minecraft:killed_by":{"minecraft:zombie":1},"minecraft:custom":{"minecraft:jump":10,"minecraft:time_since_rest":7373,"minecraft:leave_game":1,"minecraft:damage_dealt":193,"minecraft:crouch_one_cm":175,"minecraft:deaths":1,"minecraft:sprint_one_cm":3922,"minecraft:play_time":12920,"minecraft:damage_taken":300,"minecraft:time_since_death":7346,"minecraft:walk_one_cm":6148,"minecraft:sneak_time":60,"minecraft:total_world_time":12920,"minecraft:mob_kills":1,"minecraft:fly_one_cm":1098}},"DataVersion":3465}