{"stats":{"minecraft:killed_by":{"minecraft:wither_skeleton":1,"minecraft:creeper":2,"minecraft:vindicator":2,"minecraft:cave_spider":1,"minecraft:zombie":4,"minecraft:vex":1,"minecraft:player":3,"minecraft:spider":1,"minecraft:skeleton":1},"minecraft:custom":{"minecraft:interact_with_crafting_table":116,"minecraft:open_barrel":3,"minecraft:leave_game":29,"minecraft:time_since_death":39570,"minecraft:sprint_one_cm":2014777,"minecraft:damage_blocked_by_shield":1498,"minecraft:drop":169,"minecraft:talked_to_villager":2,"minecraft:play_time":1294592,"minecraft:deaths":66,"tombstone:tomb_raiding":1,"minecraft:jump":14374,"minecraft:walk_on_water_one_cm":144252,"minecraft:interact_with_furnace":43,"minecraft:sleep_in_bed":28,"tombstone:sneak_grave":14,"minecraft:damage_dealt":54977,"minecraft:player_kills":7,"minecraft:crouch_one_cm":180625,"tombstone:undead_killed":75,"minecraft:interact_with_smoker":1,"minecraft:inspect_dispenser":1,"minecraft:interact_with_smithing_table":4,"minecraft:interact_with_anvil":2,"minecraft:mob_kills":234,"minecraft:damage_dealt_resisted":119,"minecraft:climb_one_cm":22577,"minecraft:walk_one_cm":3788273,"minecraft:damage_dealt_absorbed":76,"minecraft:sneak_time":47999,"minecraft:walk_under_water_one_cm":340147,"minecraft:boat_one_cm":201513,"minecraft:interact_with_blast_furnace":2,"minecraft:total_world_time":1294592,"spartanshields:shield_bash_hits":4,"tombstone:raider_killed":1,"minecraft:tune_noteblock":1,"minecraft:interact_with_stonecutter":6,"minecraft:time_since_rest":39462,"minecraft:damage_taken":30779,"minecraft:damage_absorbed":330,"minecraft:swim_one_cm":483078,"minecraft:fly_one_cm":2621215,"minecraft:open_chest":578,"minecraft:fall_one_cm":169730},"minecraft:used":{"minecraft:writable_book":3,"securitycraft:reinforced_cobblestone_stairs":10,"fabledweaponry:waraxe_iron":143,"securitycraft:keypad_trapdoor":2,"minecraft:chest":43,"minecraft:zombie_spawn_egg":15,"securitycraft:keypad_item":1,"minecraft:blue_stained_glass":38,"minecraft:carrot":6,"easy_npc:humanoid_spawn_egg":7,"minecraft:milk_bucket":1,"minecraft:glass":27,"create:train_trapdoor":1,"minecraft:bricks":370,"minecraft:grass_block":133,"minecraft:lantern":37,"minecraft:quartz_block":10,"create:copper_bars":6,"minecraft:stone_bricks":2,"minecraft:red_carpet":14,"minecraft:brown_carpet":6,"minecraft:bow":1,"minecraft:hay_block":2,"minecraft:furnace":4,"travelersbackpack:enderman":16,"fabledweaponry:maul_netherite":13,"easy_npc:easy_npc_wand":2,"minecraft:deepslate_brick_wall":264,"securitycraft:electrified_iron_fence":2,"travelersbackpack:spider":36,"minecraft:mossy_stone_bricks":1,"securitycraft:reinforced_smooth_sandstone":345,"minecraft:spruce_door":2,"minecraft:oak_planks":620,"minecraft:stone_pickaxe":403,"minecraft:ender_pearl":1,"minecraft:wooden_pickaxe":38,"securitycraft:keypad_frame":1,"fabledweaponry:maul_iron":259,"minecraft:white_wool":331,"minecraft:golden_apple":10,"elevatorid:elevator_white":2,"minecraft:blast_furnace":4,"securitycraft:universal_block_remover":25,"minecraft:cave_spider_spawn_egg":2,"minecraft:black_bed":2,"minecraft:lever":2,"securitycraft:reinforced_chiseled_sandstone":109,"minecraft:chiseled_sandstone":119,"minecraft:bread":83,"minecraft:cyan_bed":1,"spartanshields:stone_basic_shield":53,"minecraft:cyan_carpet":22,"minecraft:stone_button":4,"minecraft:red_terracotta":102,"minecraft:polished_granite":1,"tombstone:grave_key":30,"easy_npc:fairy_spawn_egg":1,"minecraft:diamond_sword":78,"minecraft:andesite":6,"create:andesite_bars":2,"smallships:spruce_brigg":1,"minecraft:grindstone":1,"securitycraft:reinforced_oak_log":14,"minecraft:smithing_table":1,"minecraft:chain":9,"minecraft:oak_fence":5,"minecraft:netherite_sword":65,"create:brass_door":3,"minecraft:enchanting_table":1,"minecraft:armor_stand":6,"minecraft:stone_shovel":18,"minecraft:mycelium":1,"vanillaplustools:stone_hammer":566,"minecraft:cooked_salmon":3,"travelersbackpack:black_sleeping_bag":8,"comforts:sleeping_bag_pink":22,"travelersbackpack:bat":1,"minecraft:cooked_chicken":12,"minecraft:netherrack":1,"minecraft:orange_bed":1,"minecraft:torch":252,"minecraft:brewing_stand":1,"minecraft:dirt":1472,"minecraft:anvil":2,"create:andesite_door":1,"minecraft:white_carpet":27,"create:copycat_panel":23,"minecraft:spruce_stairs":14,"minecraft:yellow_carpet":17,"minecraft:bookshelf":28,"minecraft:oak_stairs":27,"fabledweaponry:scimitar_netherite":4,"create:copycat_step":7,"travelersbackpack:squid":1,"create:brass_bars":29,"easy_npc:illusioner_spawn_egg":1,"minecraft:barrel":3,"easy_npc:villager_spawn_egg":1,"paraglider:rito_goddess_statue":2,"securitycraft:sentry":11,"minecraft:glowstone":4,"siren_head:siren_head_spawn_egg":2,"easy_npc:stray_spawn_egg":2,"minecraft:drowned_spawn_egg":8,"fabledweaponry:scythe_iron":256,"tombstone:gift":6,"minecraft:cooked_beef":5,"fabledweaponry:scythe_netherite":31,"minecraft:cobbled_deepslate":116,"minecraft:acacia_planks":64,"tombstone:decorative_grave_original":7,"minecraft:cooked_mutton":26,"minecraft:cobblestone_stairs":4,"securitycraft:reinforced_cobblestone":4,"minecraft:birch_planks":9,"minecraft:netherite_chestplate":1,"easy_npc:easy_npc_preset":2,"minecraft:leather_boots":2,"minecraft:cauldron":1,"minecraft:stonecutter":2,"vanillaplustools:netherite_hammer":131,"easy_npc:wither_skeleton_spawn_egg":6,"minecraft:cracked_stone_bricks":2,"minecraft:lime_bed":5,"minecraft:oak_slab":182,"minecraft:crafting_table":8,"minecraft:red_bed":5,"vanillaplustools:stone_shovel":116,"minecraft:white_bed":1,"minecraft:painting":28,"securitycraft:reinforced_bricks":152,"minecraft:smoker":5,"tombstone:bag_of_seeds":2,"minecraft:oak_log":173,"minecraft:wooden_hoe":17,"minecraft:acacia_stairs":49,"minecraft:oak_button":2,"minecraft:iron_pickaxe":444,"minecraft:netherite_axe":26,"create:copper_ladder":11,"minecraft:stone_axe":397,"minecraft:green_carpet":9,"travelersbackpack:standard":12,"minecraft:cobblestone":2243,"securitycraft:reinforced_white_wool":99,"securitycraft:admin_tool":4,"minecraft:cooked_porkchop":12,"fabledweaponry:ballista_iron":19,"minecraft:glass_pane":5,"minecraft:smooth_stone":3,"minecraft:birch_stairs":1},"minecraft:crafted":{"minecraft:oak_planks":528,"travelersbackpack:enderman":1,"minecraft:cooked_mutton":12,"securitycraft:laser_block":9,"minecraft:glass":70,"minecraft:iron_boots":1,"tombstone:grave_key":1,"minecraft:chest":18,"vanillaplustools:stone_shovel":1,"minecraft:blue_stained_glass":40,"travelersbackpack:iron_tier_upgrade":1,"minecraft:crafting_table":6,"minecraft:smithing_table":1,"minecraft:birch_planks":100,"minecraft:iron_chestplate":1,"minecraft:stick":136,"minecraft:iron_ingot":83,"minecraft:iron_pickaxe":1,"minecraft:iron_block":3,"minecraft:shears":1,"securitycraft:universal_block_reinforcer_lvl1":9,"minecraft:stone_shovel":9,"vanillaplustools:stone_hammer":5,"minecraft:furnace":1,"travelersbackpack:blank_upgrade":4,"travelersbackpack:gold_tier_upgrade":1,"minecraft:glass_pane":64,"minecraft:deepslate_brick_wall":2,"securitycraft:universal_block_remover":1,"minecraft:iron_hoe":1,"minecraft:stone_pickaxe":48,"minecraft:redstone_block":9,"travelersbackpack:spider":2,"minecraft:wheat":252,"elevatorid:elevator_white":2,"fabledweaponry:maul_iron":1,"travelersbackpack:backpack_tank":2,"fabledweaponry:scythe_iron":1,"minecraft:cooked_salmon":8,"minecraft:bucket":1,"minecraft:bread":84,"minecraft:air":0,"minecraft:blue_dye":8,"travelersbackpack:squid":1,"minecraft:white_bed":1,"minecraft:torch":128},"minecraft:killed":{"minecraft:cave_spider":3,"minecraft:spider":9,"minecraft:skeleton":24,"minecraft:chicken":5,"minecraft:pig":3,"minecraft:zombie_villager":1,"minecraft:salmon":5,"minecraft:creeper":5,"minecraft:sheep":5,"minecraft:trader_llama":3,"minecraft:zombie":36,"minecraft:stray":8,"minecraft:cow":2,"minecraft:evoker":2,"minecraft:vex":2,"minecraft:vindicator":5,"minecraft:phantom":1,"minecraft:horse":1,"minecraft:drowned":1,"minecraft:wandering_trader":1,"minecraft:squid":2,"minecraft:wither_skeleton":5,"minecraft:enderman":4},"minecraft:broken":{"minecraft:iron_boots":1,"minecraft:iron_chestplate":1,"minecraft:chainmail_boots":1,"minecraft:stone_pickaxe":3,"minecraft:chainmail_chestplate":1,"minecraft:stone_axe":1,"securitycraft:universal_block_reinforcer_lvl1":3,"minecraft:chainmail_leggings":1,"fabledweaponry:maul_iron":1,"minecraft:chainmail_helmet":1,"minecraft:wooden_pickaxe":1,"fabledweaponry:scythe_iron":1,"vanillaplustools:stone_hammer":4,"fabledweaponry:waraxe_iron":1,"minecraft:leather_boots":1},"minecraft:picked_up":{"travelersbackpack:bat":2,"minecraft:redstone_block":5,"minecraft:iron_trapdoor":2,"minecraft:flower_pot":2,"minecraft:lead":5,"minecraft:diamond_sword":2,"minecraft:potion":2,"minecraft:stone_brick_stairs":5,"travelersbackpack:spider":5,"minecraft:brewing_stand":3,"minecraft:string":22,"minecraft:raw_copper":123,"minecraft:cooked_salmon":4,"minecraft:iron_leggings":1,"minecraft:sticky_piston":4,"securitycraft:reinforced_dirt":4,"vanillaplustools:stone_shovel":1,"comforts:sleeping_bag_black":2,"minecraft:cobbled_deepslate":199,"minecraft:gold_nugget":4,"minecraft:smooth_stone":7,"minecraft:iron_pickaxe":1,"securitycraft:reinforced_oak_log":1,"fabledweaponry:greatsword_iron":1,"minecraft:furnace":2,"minecraft:tipped_arrow":5,"minecraft:golden_helmet":1,"minecraft:stick":25,"minecraft:deepslate_brick_wall":8,"tombstone:decorative_grave_original":4,"minecraft:torch":84,"minecraft:porkchop":6,"minecraft:golden_axe":2,"tombstone:grave_dust":15,"minecraft:diorite":71,"minecraft:golden_chestplate":4,"minecraft:brown_carpet":3,"minecraft:orange_bed":1,"minecraft:quartz_block":59,"minecraft:rotten_flesh":38,"minecraft:red_tulip":1,"minecraft:carved_pumpkin":1,"minecraft:white_terracotta":1,"securitycraft:reinforced_chiseled_sandstone":1,"minecraft:iron_bars":15,"minecraft:cobblestone":4857,"minecraft:nautilus_shell":1,"paraglider:paraglider":1,"minecraft:birch_log":25,"minecraft:cooked_beef":141,"minecraft:feather":7,"minecraft:lilac":2,"minecraft:repeater":4,"securitycraft:reinforced_smooth_sandstone":1,"minecraft:iron_door":1,"minecraft:birch_slab":3,"minecraft:andesite":128,"minecraft:smoker":4,"minecraft:potato":1,"paraglider:spirit_orb":48,"minecraft:tuff":5,"create:raw_zinc":8,"fabledweaponry:longbow_leather":1,"minecraft:lapis_lazuli":112,"minecraft:dirt":2966,"minecraft:lantern":15,"securitycraft:sentry":1,"minecraft:polished_granite":2,"minecraft:leather_boots":1,"minecraft:bone":68,"minecraft:bow":3,"minecraft:wheat_seeds":14,"minecraft:raw_gold":17,"minecraft:bell":1,"minecraft:grindstone":1,"comforts:sleeping_bag_pink":24,"minecraft:dark_oak_sign":3,"minecraft:mossy_stone_bricks":2,"easy_npc:easy_npc_wand":1,"minecraft:oak_planks":141,"minecraft:mossy_stone_brick_stairs":6,"minecraft:cooked_porkchop":18,"minecraft:oak_pressure_plate":1,"minecraft:sand":320,"minecraft:ink_sac":4,"minecraft:grass_block":2,"minecraft:mossy_cobblestone":5,"securitycraft:universal_block_remover":6,"minecraft:bundle":1,"minecraft:dispenser":6,"minecraft:yellow_carpet":4,"minecraft:diamond":7,"minecraft:granite":83,"minecraft:bone_meal":1,"minecraft:golden_apple":1,"minecraft:emerald":5,"minecraft:chainmail_helmet":2,"minecraft:bread":28,"minecraft:oak_sapling":15,"minecraft:netherrack":5,"minecraft:bricks":4,"minecraft:cocoa_beans":2,"minecraft:crafting_table":4,"minecraft:chicken":5,"minecraft:redstone_lamp":10,"minecraft:leather_leggings":3,"minecraft:wooden_pickaxe":2,"minecraft:gold_block":2,"minecraft:cornflower":1,"minecraft:red_bed":4,"securitycraft:reinforced_white_wool":1,"minecraft:white_carpet":5,"minecraft:cyan_carpet":3,"minecraft:cracked_stone_bricks":4,"minecraft:beef":4,"minecraft:oak_boat":2,"minecraft:poppy":1,"travelersbackpack:black_sleeping_bag":1,"minecraft:light_gray_wool":1,"minecraft:tinted_glass":24,"minecraft:sugar_cane":8,"minecraft:chest":2,"minecraft:birch_sapling":3,"securitycraft:reinforced_cobblestone_stairs":2,"minecraft:raw_iron":88,"smallships:spruce_brigg":1,"securitycraft:reinforced_cobblestone":49,"minecraft:copper_ingot":2,"minecraft:carrot":5,"minecraft:redstone":105,"spartanshields:stone_basic_shield":1,"minecraft:arrow":204,"minecraft:stone_shovel":1,"minecraft:beetroot_seeds":3,"minecraft:hay_block":31,"minecraft:totem_of_undying":2,"minecraft:gold_ingot":5,"minecraft:mutton":11,"minecraft:skeleton_skull":1,"minecraft:white_wool":9,"minecraft:lime_bed":2,"minecraft:salmon":4,"minecraft:leather":8,"minecraft:birch_planks":38,"minecraft:oak_log":190,"minecraft:golden_boots":2,"minecraft:gunpowder":12,"minecraft:cobblestone_stairs":8,"fabledweaponry:waraxe_iron":1,"tombstone:gift":1,"minecraft:cooked_mutton":3,"minecraft:red_carpet":4,"minecraft:apple":10,"minecraft:stone_bricks":15,"minecraft:kelp":7,"minecraft:iron_ingot":4,"minecraft:stone_pickaxe":4,"minecraft:cooked_chicken":10,"securitycraft:universal_block_reinforcer_lvl1":4,"tombstone:bag_of_seeds":1,"minecraft:glass_bottle":1,"minecraft:oxidized_cut_copper":8,"minecraft:book":138,"minecraft:daylight_detector":52,"minecraft:stone_brick_slab":1,"minecraft:gravel":3,"minecraft:amethyst_shard":12,"minecraft:mossy_stone_brick_slab":6,"minecraft:green_carpet":3,"minecraft:spruce_door":3,"minecraft:spider_eye":2,"minecraft:leather_helmet":2,"travelersbackpack:standard":2,"minecraft:pumpkin_seeds":6,"fabledweaponry:ballista_iron":2,"minecraft:stone_axe":2,"minecraft:chainmail_leggings":1,"minecraft:iron_helmet":2,"minecraft:diamond_axe":2,"minecraft:painting":3,"minecraft:mossy_cobblestone_stairs":4,"minecraft:gray_wool":1,"tombstone:magic_scroll":3,"minecraft:coal":162,"minecraft:sunflower":1,"minecraft:ender_pearl":7},"minecraft:dropped":{"easy_npc:easy_npc_wand":1,"minecraft:brown_mushroom":1,"minecraft:birch_planks":32,"minecraft:porkchop":3,"minecraft:oak_pressure_plate":1,"minecraft:oak_log":31,"minecraft:crafting_table":1,"minecraft:cooked_porkchop":6,"travelersbackpack:black_sleeping_bag":1,"minecraft:leather":11,"travelersbackpack:iron_tier_upgrade":1,"travelersbackpack:standard":2,"minecraft:leather_helmet":1,"minecraft:dirt":9,"minecraft:gold_nugget":8,"minecraft:iron_pickaxe":1,"paraglider:paraglider":1,"minecraft:stone_axe":1,"vanillaplustools:stone_shovel":1,"minecraft:iron_nugget":8,"spartanshields:stone_basic_shield":1,"minecraft:golden_chestplate":2,"minecraft:birch_sapling":3,"minecraft:rotten_flesh":2,"minecraft:mossy_stone_brick_slab":3,"travelersbackpack:bat":2,"minecraft:mycelium":1,"travelersbackpack:gold_tier_upgrade":1,"minecraft:lime_bed":1,"minecraft:leather_boots":2,"vanillaplustools:stone_hammer":1,"minecraft:leather_leggings":4,"minecraft:iron_bars":2,"minecraft:arrow":114,"minecraft:stone_brick_stairs":2,"comforts:sleeping_bag_black":1,"minecraft:netherrack":1,"comforts:sleeping_bag_pink":2,"minecraft:iron_ingot":64,"minecraft:enchanted_book":1,"minecraft:golden_boots":1,"minecraft:bread":50,"minecraft:wheat_seeds":12,"minecraft:oxidized_cut_copper":8,"minecraft:iron_helmet":1,"minecraft:golden_axe":2,"minecraft:feather":1,"minecraft:cobblestone":65,"minecraft:granite":6,"minecraft:spruce_door":1,"minecraft:golden_apple":2,"minecraft:grass_block":2,"minecraft:coal":2,"minecraft:stick":5,"minecraft:iron_trapdoor":2,"minecraft:torch":31,"fabledweaponry:greatsword_iron":2,"tombstone:grave_key":3,"tombstone:grave_dust":2,"fabledweaponry:ballista_iron":1,"minecraft:smooth_stone":5,"minecraft:string":3,"fabledweaponry:longbow_leather":1,"minecraft:stone_brick_slab":1,"minecraft:kelp":6,"smallships:spruce_brigg":1,"minecraft:raw_copper":32,"minecraft:pumpkin_seeds":9,"minecraft:flint_and_steel":1,"minecraft:diamond_sword":2,"securitycraft:universal_block_remover":6,"minecraft:hay_block":1,"minecraft:andesite":33,"minecraft:oak_sapling":2,"minecraft:oak_boat":3,"minecraft:stone_bricks":6,"minecraft:bow":2,"minecraft:stone_pickaxe":4,"minecraft:wooden_pickaxe":1,"minecraft:red_tulip":1,"securitycraft:universal_block_reinforcer_lvl1":9},"minecraft:mined":{"minecraft:large_amethyst_bud":1,"create:deepslate_zinc_ore":8,"tombstone:decorative_grave_original":2,"minecraft:mossy_stone_brick_slab":3,"minecraft:cobblestone_stairs":6,"minecraft:brewing_stand":3,"minecraft:carved_pumpkin":1,"minecraft:granite":76,"minecraft:grass_block":17,"minecraft:oak_pressure_plate":1,"minecraft:spawner":24,"minecraft:smooth_stone":6,"minecraft:mossy_cobblestone_stairs":4,"minecraft:iron_ore":25,"minecraft:sticky_piston":2,"minecraft:cobbled_deepslate":10,"minecraft:deepslate_lapis_ore":11,"minecraft:iron_bars":6,"comforts:sleeping_bag_pink":1,"minecraft:orange_bed":1,"minecraft:piston_head":2,"minecraft:deepslate_redstone_ore":14,"minecraft:quartz_block":34,"minecraft:red_bed":3,"minecraft:deepslate_brick_wall":9,"minecraft:smoker":4,"minecraft:amethyst_cluster":3,"minecraft:blue_stained_glass":6,"minecraft:torch":34,"minecraft:cobblestone":503,"minecraft:grindstone":1,"minecraft:oak_planks":13,"minecraft:sugar_cane":3,"minecraft:bricks":4,"minecraft:iron_door":1,"minecraft:wall_torch":27,"minecraft:deepslate_copper_ore":3,"minecraft:skeleton_skull":1,"minecraft:white_terracotta":1,"minecraft:repeater":4,"minecraft:tinted_glass":26,"minecraft:birch_log":25,"minecraft:wheat":5,"minecraft:lilac":1,"minecraft:light_gray_wool":1,"minecraft:stone_brick_stairs":5,"minecraft:grass":11,"minecraft:oak_log":163,"minecraft:beetroots":3,"minecraft:sand":330,"minecraft:dirt":261,"minecraft:deepslate":211,"minecraft:potted_red_tulip":1,"minecraft:dispenser":6,"minecraft:netherrack":2,"minecraft:daylight_detector":54,"minecraft:oak_leaves":21,"minecraft:redstone_lamp":10,"minecraft:tuff":6,"minecraft:mossy_cobblestone":5,"minecraft:deepslate_diamond_ore":2,"minecraft:glow_lichen":1,"minecraft:redstone_wire":2,"minecraft:hay_block":30,"minecraft:oxidized_cut_copper":8,"minecraft:redstone_ore":8,"minecraft:furnace":3,"minecraft:carrots":2,"minecraft:andesite":116,"minecraft:gold_block":2,"minecraft:bell":1,"minecraft:mossy_stone_brick_stairs":6,"minecraft:bookshelf":46,"minecraft:potatoes":1,"minecraft:deepslate_iron_ore":68,"minecraft:vine":3,"minecraft:stone":4513,"travelersbackpack:spider":1,"minecraft:redstone_block":5,"minecraft:glass_pane":2,"minecraft:stone_brick_slab":1,"minecraft:polished_granite":2,"minecraft:crafting_table":2,"minecraft:cornflower":1,"minecraft:copper_ore":25,"minecraft:tall_grass":2,"minecraft:lapis_ore":7,"minecraft:deepslate_gold_ore":12,"minecraft:diorite":75,"minecraft:gray_wool":1,"minecraft:black_stained_glass":2,"minecraft:birch_planks":9,"minecraft:lime_bed":2,"minecraft:birch_leaves":3,"minecraft:coal_ore":121,"minecraft:gravel":3,"minecraft:cracked_stone_bricks":3,"minecraft:stone_bricks":10,"minecraft:mossy_stone_bricks":3,"minecraft:gold_ore":5,"minecraft:iron_trapdoor":1}},"DataVersion":3465}