{"stats":{"minecraft:killed_by":{"minecraft:player":1,"spore:busser":2,"spore:knight":1,"spore:usurper":3,"spore:inquisitor":1,"spore:inf_pillager":1,"spore:inf_player":3,"spore:inf_villager":1,"minecraft:zombie":1,"spore:inf_witch":1,"spore:brot":1},"minecraft:used":{"minecraft:oak_fence":5,"minecraft:netherite_sword":65,"create:brass_door":3,"fabledweaponry:waraxe_iron":143,"minecraft:stone_shovel":18,"minecraft:chest":18,"vanillaplustools:stone_hammer":263,"minecraft:cooked_salmon":3,"comforts:sleeping_bag_pink":13,"minecraft:torch":39,"minecraft:brewing_stand":1,"minecraft:dirt":179,"create:andesite_door":1,"minecraft:white_carpet":26,"minecraft:spruce_stairs":14,"minecraft:carrot":6,"minecraft:yellow_carpet":17,"easy_npc:humanoid_spawn_egg":1,"minecraft:glass":27,"minecraft:bricks":141,"minecraft:lantern":26,"minecraft:grass_block":128,"minecraft:oak_stairs":27,"create:brass_bars":29,"create:copper_bars":6,"minecraft:barrel":3,"minecraft:stone_bricks":2,"easy_npc:villager_spawn_egg":1,"siren_head:siren_head_spawn_egg":2,"securitycraft:sentry":11,"minecraft:red_carpet":14,"minecraft:brown_carpet":6,"minecraft:bow":1,"minecraft:hay_block":2,"minecraft:furnace":2,"tombstone:gift":6,"fabledweaponry:scythe_netherite":31,"fabledweaponry:maul_netherite":13,"tombstone:decorative_grave_original":5,"minecraft:cooked_mutton":1,"minecraft:cobblestone_stairs":4,"minecraft:birch_planks":9,"minecraft:stone_pickaxe":177,"minecraft:oak_planks":409,"minecraft:wooden_pickaxe":38,"minecraft:leather_boots":2,"minecraft:stonecutter":1,"minecraft:cracked_stone_bricks":2,"minecraft:white_wool":178,"minecraft:oak_slab":181,"minecraft:lime_bed":1,"minecraft:crafting_table":4,"minecraft:blast_furnace":1,"minecraft:painting":28,"minecraft:black_bed":2,"minecraft:smoker":1,"securitycraft:reinforced_bricks":93,"tombstone:bag_of_seeds":2,"minecraft:oak_log":173,"minecraft:wooden_hoe":17,"securitycraft:reinforced_chiseled_sandstone":104,"minecraft:chiseled_sandstone":118,"minecraft:bread":23,"minecraft:cyan_bed":1,"minecraft:cyan_carpet":22,"minecraft:netherite_axe":26,"minecraft:polished_granite":1,"tombstone:grave_key":5,"easy_npc:fairy_spawn_egg":1,"minecraft:stone_axe":23,"minecraft:green_carpet":9,"minecraft:diamond_sword":15,"minecraft:cobblestone":1338,"securitycraft:reinforced_white_wool":96,"travelersbackpack:standard":3,"minecraft:andesite":6,"smallships:spruce_brigg":1,"minecraft:cooked_porkchop":12,"fabledweaponry:ballista_iron":18,"securitycraft:admin_tool":4,"minecraft:chain":9,"create:andesite_bars":2},"minecraft:dropped":{"minecraft:enchanted_book":1,"minecraft:porkchop":3,"minecraft:brown_mushroom":1,"minecraft:birch_planks":32,"minecraft:wheat_seeds":12,"minecraft:oak_pressure_plate":1,"minecraft:oak_log":8,"minecraft:crafting_table":1,"minecraft:cooked_porkchop":6,"minecraft:feather":1,"minecraft:cobblestone":64,"minecraft:golden_axe":2,"minecraft:granite":6,"minecraft:spruce_door":1,"travelersbackpack:standard":2,"minecraft:coal":2,"minecraft:grass_block":2,"minecraft:leather_helmet":1,"minecraft:golden_apple":2,"minecraft:stick":4,"minecraft:dirt":8,"fabledweaponry:greatsword_iron":2,"tombstone:grave_key":2,"tombstone:grave_dust":2,"fabledweaponry:ballista_iron":1,"minecraft:gold_nugget":8,"minecraft:smooth_stone":1,"minecraft:string":3,"fabledweaponry:longbow_leather":1,"minecraft:stone_axe":1,"minecraft:kelp":6,"smallships:spruce_brigg":1,"spartanshields:stone_basic_shield":1,"minecraft:raw_copper":32,"minecraft:birch_sapling":3,"minecraft:rotten_flesh":2,"spore:mutated_fiber":3,"minecraft:pumpkin_seeds":9,"minecraft:flint_and_steel":1,"minecraft:lime_bed":1,"minecraft:diamond_sword":2,"minecraft:hay_block":1,"minecraft:andesite":33,"minecraft:leather_boots":2,"minecraft:oak_boat":3,"minecraft:leather_leggings":4,"minecraft:arrow":108,"minecraft:iron_bars":2,"minecraft:bow":1,"minecraft:stone_pickaxe":2,"minecraft:wooden_pickaxe":1,"comforts:sleeping_bag_black":1},"minecraft:crafted":{"minecraft:oak_planks":28,"vanillaplustools:stone_hammer":2,"tombstone:grave_key":1,"minecraft:stone_pickaxe":19,"minecraft:chest":4,"minecraft:wheat":81,"minecraft:crafting_table":3,"minecraft:cooked_salmon":8,"minecraft:birch_planks":80,"minecraft:bread":27,"minecraft:air":0,"minecraft:stick":44},"minecraft:mined":{"spore:wall_growths_big":1,"spore:infested_cobblestone":5,"minecraft:cobblestone_stairs":1,"minecraft:brewing_stand":1,"minecraft:granite":8,"minecraft:grass_block":10,"minecraft:oak_pressure_plate":1,"minecraft:spawner":3,"minecraft:hay_block":11,"minecraft:furnace":1,"minecraft:carrots":2,"spore:blomfung":1,"minecraft:andesite":27,"minecraft:bookshelf":6,"minecraft:potatoes":1,"minecraft:iron_bars":2,"comforts:sleeping_bag_pink":1,"minecraft:stone":2086,"minecraft:polished_granite":1,"minecraft:torch":6,"minecraft:cornflower":1,"minecraft:copper_ore":9,"minecraft:cobblestone":179,"minecraft:oak_planks":5,"minecraft:lapis_ore":3,"minecraft:sugar_cane":3,"minecraft:bricks":2,"minecraft:wall_torch":3,"minecraft:black_stained_glass":2,"minecraft:birch_planks":7,"minecraft:lime_bed":1,"minecraft:birch_log":20,"minecraft:wheat":5,"minecraft:birch_leaves":2,"minecraft:grass":3,"minecraft:coal_ore":44,"minecraft:oak_log":15,"minecraft:beetroots":3,"minecraft:dirt":24,"minecraft:cracked_stone_bricks":2,"minecraft:stone_bricks":2,"minecraft:oak_leaves":2},"minecraft:custom":{"minecraft:mob_kills":56,"minecraft:interact_with_crafting_table":27,"minecraft:open_barrel":2,"minecraft:leave_game":18,"minecraft:time_since_death":3318,"minecraft:sprint_one_cm":609268,"minecraft:walk_one_cm":1354439,"minecraft:drop":91,"minecraft:damage_dealt_absorbed":76,"minecraft:play_time":483556,"minecraft:deaths":21,"minecraft:sneak_time":23928,"minecraft:walk_under_water_one_cm":95716,"minecraft:boat_one_cm":135004,"tombstone:tomb_raiding":1,"minecraft:jump":1946,"minecraft:interact_with_blast_furnace":2,"minecraft:walk_on_water_one_cm":42315,"minecraft:total_world_time":483556,"minecraft:interact_with_furnace":8,"spartanshields:shield_bash_hits":2,"minecraft:sleep_in_bed":13,"minecraft:time_since_rest":3048,"minecraft:damage_taken":7234,"tombstone:sneak_grave":2,"minecraft:damage_dealt":15122,"minecraft:swim_one_cm":117330,"minecraft:fly_one_cm":1003970,"minecraft:player_kills":5,"minecraft:open_chest":132,"minecraft:crouch_one_cm":95263,"tombstone:undead_killed":10,"minecraft:interact_with_smoker":1,"minecraft:fall_one_cm":36383},"minecraft:killed":{"minecraft:spider":1,"spore:inquisitor":2,"minecraft:skeleton":7,"minecraft:chicken":5,"spore:delusioner":1,"minecraft:pig":3,"spore:inf_player":3,"minecraft:salmon":5,"minecraft:creeper":3,"spore:inf_pillager":2,"minecraft:sheep":5,"spore:inf_villager":5,"spore:mound":1,"spore:inf_human":5,"minecraft:zombie":4,"spore:inf_husk":1,"minecraft:cow":1,"minecraft:enderman":1},"minecraft:picked_up":{"minecraft:cocoa_beans":2,"spore:mutated_heart":1,"minecraft:chicken":5,"minecraft:leather_leggings":2,"minecraft:diamond_sword":1,"minecraft:wooden_pickaxe":2,"minecraft:potion":1,"minecraft:brewing_stand":1,"minecraft:cornflower":1,"minecraft:raw_copper":64,"minecraft:string":5,"securitycraft:reinforced_white_wool":1,"minecraft:cooked_salmon":4,"spore:infested_cobblestone":4,"minecraft:white_carpet":5,"minecraft:cyan_carpet":3,"comforts:sleeping_bag_black":1,"minecraft:cracked_stone_bricks":3,"minecraft:gold_nugget":4,"minecraft:smooth_stone":1,"spore:rotten_planks":9,"minecraft:beef":2,"minecraft:oak_boat":1,"minecraft:poppy":1,"minecraft:sugar_cane":8,"fabledweaponry:greatsword_iron":1,"minecraft:birch_sapling":3,"minecraft:furnace":1,"minecraft:stick":2,"smallships:spruce_brigg":1,"tombstone:decorative_grave_original":2,"minecraft:torch":7,"minecraft:porkchop":6,"minecraft:golden_axe":2,"tombstone:grave_dust":2,"minecraft:carrot":5,"minecraft:brown_carpet":3,"minecraft:rotten_flesh":3,"minecraft:arrow":106,"minecraft:stone_shovel":1,"minecraft:beetroot_seeds":3,"minecraft:hay_block":12,"securitycraft:reinforced_chiseled_sandstone":1,"minecraft:mutton":5,"minecraft:iron_bars":2,"minecraft:white_wool":4,"minecraft:cobblestone":2215,"minecraft:birch_log":20,"minecraft:lime_bed":1,"minecraft:cooked_beef":133,"minecraft:feather":7,"minecraft:andesite":39,"minecraft:salmon":4,"minecraft:leather":1,"minecraft:potato":1,"minecraft:birch_planks":37,"minecraft:oak_log":19,"fabledweaponry:longbow_leather":1,"minecraft:cobblestone_stairs":4,"minecraft:gunpowder":3,"tombstone:gift":1,"minecraft:lapis_lazuli":23,"minecraft:lantern":15,"minecraft:dirt":1095,"securitycraft:sentry":1,"minecraft:polished_granite":1,"minecraft:leather_boots":1,"minecraft:cooked_mutton":3,"minecraft:red_carpet":4,"minecraft:bone":10,"minecraft:apple":4,"minecraft:stone_bricks":2,"minecraft:kelp":7,"minecraft:bow":2,"minecraft:wheat_seeds":11,"minecraft:stone_pickaxe":2,"minecraft:cooked_chicken":8,"minecraft:iron_ingot":4,"comforts:sleeping_bag_pink":13,"tombstone:bag_of_seeds":1,"spore:mutated_fiber":54,"minecraft:oak_planks":133,"minecraft:book":18,"spore:cerebrum":3,"minecraft:cooked_porkchop":18,"spore:armor_fragment":35,"minecraft:oak_pressure_plate":1,"minecraft:grass_block":1,"minecraft:green_carpet":3,"minecraft:spruce_door":1,"minecraft:leather_helmet":1,"travelersbackpack:standard":1,"fabledweaponry:ballista_iron":1,"spore:claw_fragment":23,"minecraft:pumpkin_seeds":6,"minecraft:yellow_carpet":4,"minecraft:stone_axe":1,"minecraft:granite":16,"minecraft:painting":3,"minecraft:bone_meal":1,"minecraft:golden_apple":1,"spore:spine_fragment":1,"minecraft:oak_sapling":1,"minecraft:bricks":2,"minecraft:coal":83,"minecraft:ender_pearl":2,"minecraft:sunflower":1},"minecraft:broken":{"minecraft:wooden_pickaxe":1,"minecraft:stone_pickaxe":1,"vanillaplustools:stone_hammer":2,"fabledweaponry:waraxe_iron":1,"minecraft:leather_boots":1}},"DataVersion":3465}