{"stats":{"minecraft:killed_by":{"spore:inf_villager":1,"minecraft:zombie":1,"spore:knight":1},"minecraft:dropped":{"smallships:spruce_brigg":1,"minecraft:grass_block":2,"minecraft:diamond_sword":2,"minecraft:smooth_stone":1,"minecraft:string":2},"minecraft:used":{"minecraft:oak_fence":5,"minecraft:netherite_sword":65,"create:brass_door":3,"minecraft:oak_planks":282,"minecraft:chest":14,"minecraft:stonecutter":1,"minecraft:white_wool":178,"minecraft:brewing_stand":1,"minecraft:dirt":1,"create:andesite_door":1,"minecraft:white_carpet":26,"minecraft:oak_slab":181,"minecraft:crafting_table":2,"minecraft:spruce_stairs":14,"minecraft:blast_furnace":1,"minecraft:yellow_carpet":17,"minecraft:painting":28,"minecraft:black_bed":2,"easy_npc:humanoid_spawn_egg":1,"minecraft:smoker":1,"securitycraft:reinforced_bricks":93,"minecraft:oak_log":173,"minecraft:glass":27,"securitycraft:reinforced_chiseled_sandstone":104,"minecraft:bricks":139,"minecraft:chiseled_sandstone":118,"minecraft:lantern":26,"minecraft:oak_stairs":27,"minecraft:cyan_bed":1,"minecraft:grass_block":128,"minecraft:cyan_carpet":22,"minecraft:netherite_axe":26,"create:brass_bars":29,"create:copper_bars":6,"easy_npc:villager_spawn_egg":1,"minecraft:green_carpet":9,"minecraft:diamond_sword":15,"minecraft:barrel":3,"siren_head:siren_head_spawn_egg":2,"easy_npc:fairy_spawn_egg":1,"securitycraft:sentry":11,"minecraft:red_carpet":14,"minecraft:brown_carpet":6,"minecraft:bow":1,"securitycraft:reinforced_white_wool":96,"travelersbackpack:standard":1,"smallships:spruce_brigg":1,"minecraft:furnace":1,"securitycraft:admin_tool":4,"minecraft:chain":9,"fabledweaponry:scythe_netherite":31,"fabledweaponry:maul_netherite":13,"create:andesite_bars":2,"tombstone:decorative_grave_original":5},"minecraft:crafted":{"minecraft:oak_planks":4,"minecraft:crafting_table":1},"minecraft:mined":{"minecraft:grass_block":2,"minecraft:grass":1,"minecraft:oak_log":1,"minecraft:dirt":3,"minecraft:oak_leaves":2},"minecraft:custom":{"minecraft:mob_kills":17,"minecraft:interact_with_crafting_table":10,"minecraft:open_barrel":2,"minecraft:leave_game":16,"minecraft:time_since_death":4016,"minecraft:time_since_rest":2928,"minecraft:sprint_one_cm":62201,"minecraft:damage_taken":1100,"minecraft:walk_one_cm":419721,"minecraft:drop":8,"minecraft:damage_dealt":9151,"minecraft:damage_dealt_absorbed":36,"minecraft:swim_one_cm":1075,"minecraft:fly_one_cm":725991,"minecraft:player_kills":2,"minecraft:open_chest":24,"minecraft:crouch_one_cm":2569,"minecraft:play_time":255417,"tombstone:undead_killed":1,"minecraft:deaths":6,"minecraft:sneak_time":2592,"minecraft:walk_under_water_one_cm":582,"minecraft:boat_one_cm":43474,"minecraft:jump":339,"minecraft:interact_with_blast_furnace":2,"minecraft:walk_on_water_one_cm":1074,"minecraft:interact_with_smoker":1,"minecraft:total_world_time":255417,"minecraft:fall_one_cm":3372},"minecraft:killed":{"minecraft:spider":1,"minecraft:creeper":1,"spore:inf_pillager":2,"spore:inquisitor":1,"minecraft:skeleton":1,"spore:inf_villager":4,"spore:mound":1,"minecraft:zombie":1,"spore:inf_human":4,"spore:inf_husk":1},"minecraft:picked_up":{"spore:mutated_heart":1,"minecraft:cooked_beef":128,"minecraft:diamond_sword":1,"minecraft:oak_log":5,"minecraft:gunpowder":2,"securitycraft:sentry":1,"minecraft:dirt":64,"minecraft:string":4,"minecraft:lantern":15,"securitycraft:reinforced_white_wool":1,"minecraft:white_carpet":5,"minecraft:red_carpet":4,"minecraft:bone":3,"minecraft:cyan_carpet":3,"minecraft:bow":1,"minecraft:wheat_seeds":2,"minecraft:smooth_stone":1,"spore:rotten_planks":9,"spore:mutated_fiber":42,"spore:cerebrum":3,"smallships:spruce_brigg":1,"tombstone:decorative_grave_original":2,"spore:armor_fragment":14,"minecraft:grass_block":1,"minecraft:green_carpet":3,"minecraft:brown_carpet":3,"spore:claw_fragment":7,"minecraft:arrow":1,"minecraft:yellow_carpet":4,"minecraft:rotten_flesh":1,"minecraft:painting":3,"spore:spine_fragment":1,"securitycraft:reinforced_chiseled_sandstone":1,"minecraft:oak_sapling":1,"minecraft:sunflower":1}},"DataVersion":3465}