{"stats":{"minecraft:used":{"minecraft:oak_log":122,"minecraft:oak_fence":5,"minecraft:glass":27,"create:brass_door":1,"minecraft:lantern":18,"minecraft:oak_stairs":23,"minecraft:cyan_bed":1,"minecraft:oak_planks":243,"create:brass_bars":25,"create:copper_bars":6,"minecraft:stonecutter":1,"minecraft:barrel":3,"minecraft:white_wool":157,"minecraft:brewing_stand":1,"create:andesite_door":1,"minecraft:oak_slab":172,"minecraft:crafting_table":2,"smallships:spruce_brigg":1,"minecraft:furnace":1,"minecraft:spruce_stairs":13,"minecraft:blast_furnace":1,"minecraft:chain":9,"create:andesite_bars":2,"minecraft:smoker":1},"minecraft:dropped":{"smallships:spruce_brigg":1},"minecraft:crafted":{"minecraft:oak_planks":4,"minecraft:crafting_table":1},"minecraft:picked_up":{"smallships:spruce_brigg":1,"minecraft:oak_log":1,"minecraft:lantern":1,"minecraft:rotten_flesh":1,"minecraft:oak_sapling":1},"minecraft:killed":{"minecraft:zombie":1},"minecraft:mined":{"minecraft:grass":1,"minecraft:oak_log":1,"minecraft:oak_leaves":2},"minecraft:killed_by":{"minecraft:zombie":1},"minecraft:custom":{"minecraft:time_since_rest":56672,"minecraft:sprint_one_cm":13892,"minecraft:damage_taken":330,"minecraft:walk_one_cm":84172,"minecraft:mob_kills":1,"minecraft:drop":1,"minecraft:damage_dealt":193,"minecraft:swim_one_cm":1075,"minecraft:interact_with_crafting_table":1,"minecraft:fly_one_cm":190420,"minecraft:crouch_one_cm":386,"minecraft:play_time":62219,"minecraft:deaths":1,"minecraft:sneak_time":649,"minecraft:walk_under_water_one_cm":582,"minecraft:boat_one_cm":15069,"minecraft:jump":128,"minecraft:interact_with_blast_furnace":1,"minecraft:leave_game":8,"minecraft:walk_on_water_one_cm":1074,"minecraft:time_since_death":56645,"minecraft:total_world_time":62219,"minecraft:fall_one_cm":2296}},"DataVersion":3465}