{"stats":{"minecraft:picked_up":{"paraglider:paraglider":1,"spore:rooted_biomass":1,"minecraft:golden_leggings":1,"paraglider:spirit_orb":22,"minecraft:stone_brick_stairs":1,"minecraft:oak_log":4,"tombstone:grave_key":1,"minecraft:cobblestone_stairs":1,"minecraft:dirt":18,"minecraft:string":4,"minecraft:bone":4,"minecraft:stone_bricks":2,"minecraft:wheat_seeds":1,"minecraft:stone_pickaxe":1,"spore:spine":2,"travelersbackpack:black_sleeping_bag":3,"minecraft:mossy_stone_bricks":5,"fabledweaponry:greatsword_iron":1,"spore:biomass_block":3,"minecraft:mossy_stone_brick_stairs":1,"minecraft:egg":1,"spore:tumor":2,"minecraft:deepslate_brick_wall":1,"minecraft:torch":6,"minecraft:porkchop":3,"tombstone:grave_dust":2,"minecraft:golden_chestplate":1,"minecraft:mossy_cobblestone":1,"sons_of_sins:flesh_of_demise":1,"minecraft:arrow":2,"minecraft:rotten_flesh":7,"minecraft:hay_block":7,"minecraft:mossy_cobblestone_stairs":1,"minecraft:bread":27,"spore:alveolic_sack":3,"minecraft:iron_bars":2,"minecraft:cobblestone":75},"minecraft:killed_by":{"spore:inf_hazmat":1,"minecraft:skeleton":1,"minecraft:stray":1},"minecraft:mined":{"minecraft:cobblestone_stairs":1,"minecraft:torch":6,"minecraft:grass_block":3,"spore:rooted_biomass":1,"minecraft:cobblestone":24,"spore:biomass_block":3,"minecraft:spawner":15,"minecraft:hay_block":7,"spore:organite":1,"minecraft:grass":1,"minecraft:mossy_stone_brick_stairs":1,"minecraft:oak_log":4,"minecraft:iron_bars":4,"minecraft:dirt":7,"minecraft:stone":51,"minecraft:cracked_stone_bricks":1,"travelersbackpack:black_sleeping_bag":3,"minecraft:stone_bricks":1,"minecraft:oak_leaves":2,"spore:remains":1},"minecraft:killed":{"minecraft:cave_spider":1,"minecraft:creeper":1,"minecraft:skeleton":4,"minecraft:zombie":5,"sons_of_sins:betrayed_guzzler":1},"minecraft:dropped":{"minecraft:wheat_seeds":1,"minecraft:glass_bottle":2,"minecraft:coal":1,"minecraft:dirt":3,"minecraft:leather_horse_armor":1,"tombstone:grave_key":1,"minecraft:iron_bars":2,"minecraft:stone_pickaxe":1,"paraglider:paraglider":1,"minecraft:bone":3},"minecraft:custom":{"minecraft:interact_with_furnace":10,"spartanshields:shield_bash_hits":2,"minecraft:mob_kills":13,"tombstone:raider_killed":2,"minecraft:interact_with_crafting_table":10,"minecraft:leave_game":2,"minecraft:time_since_death":30486,"minecraft:sleep_in_bed":4,"minecraft:climb_one_cm":6647,"minecraft:time_since_rest":6225,"minecraft:sprint_one_cm":502647,"minecraft:damage_taken":2109,"minecraft:walk_one_cm":467149,"minecraft:damage_blocked_by_shield":1433,"minecraft:drop":11,"minecraft:damage_dealt":1716,"minecraft:swim_one_cm":14325,"minecraft:fly_one_cm":338376,"minecraft:open_chest":123,"minecraft:crouch_one_cm":25498,"minecraft:play_time":112023,"tombstone:undead_killed":9,"minecraft:deaths":4,"minecraft:sneak_time":3705,"minecraft:walk_under_water_one_cm":1388,"minecraft:boat_one_cm":47757,"minecraft:jump":1449,"minecraft:interact_with_blast_furnace":5,"minecraft:walk_on_water_one_cm":11941,"minecraft:interact_with_smoker":4,"minecraft:total_world_time":112023,"minecraft:fall_one_cm":22100},"minecraft:used":{"minecraft:deepslate_brick_wall":1,"minecraft:writable_book":1,"minecraft:cobblestone_stairs":1,"minecraft:baked_potato":2,"minecraft:oak_planks":8,"minecraft:stone_pickaxe":106,"spore:biomass_block":3,"minecraft:spruce_planks":21,"travelersbackpack:black_sleeping_bag":3,"minecraft:iron_chestplate":1,"minecraft:torch":32,"minecraft:golden_hoe":8,"minecraft:dirt":65,"spore:gas_mask":1,"minecraft:carrot":14,"travelersbackpack:iron":4,"minecraft:milk_bucket":1,"minecraft:mossy_cobblestone_stairs":1,"fabledweaponry:greatsword_iron":36,"spartanshields:stone_basic_shield":33,"minecraft:bread":9,"minecraft:stone_brick_stairs":1,"minecraft:golden_leggings":1,"minecraft:stone_bricks":2,"minecraft:cobblestone":458,"minecraft:potion":2,"travelersbackpack:standard":6,"fabledweaponry:ballista_iron":5,"minecraft:cooked_porkchop":3,"tombstone:gift":2,"minecraft:egg":1,"minecraft:cooked_beef":2},"minecraft:crafted":{"minecraft:oak_planks":16,"travelersbackpack:iron":1,"vanillaplustools:stone_hammer":1,"minecraft:cooked_porkchop":3,"minecraft:air":0,"minecraft:glass":57,"minecraft:stick":24,"minecraft:stone_pickaxe":8,"minecraft:iron_ingot":2}},"DataVersion":3465}