{"stats":{"minecraft:picked_up":{"paraglider:paraglider":1,"minecraft:golden_leggings":1,"paraglider:spirit_orb":22,"minecraft:oak_log":4,"minecraft:stone_brick_stairs":1,"tombstone:grave_key":1,"minecraft:cobblestone_stairs":1,"minecraft:string":4,"minecraft:dirt":18,"minecraft:bone":4,"minecraft:stone_bricks":2,"minecraft:wheat_seeds":1,"minecraft:mossy_stone_bricks":5,"travelersbackpack:black_sleeping_bag":3,"fabledweaponry:greatsword_iron":1,"minecraft:mossy_stone_brick_stairs":1,"minecraft:egg":1,"minecraft:deepslate_brick_wall":1,"minecraft:torch":6,"minecraft:porkchop":3,"tombstone:grave_dust":2,"minecraft:golden_chestplate":1,"sons_of_sins:flesh_of_demise":1,"minecraft:mossy_cobblestone":1,"minecraft:arrow":2,"minecraft:rotten_flesh":7,"minecraft:hay_block":7,"minecraft:mossy_cobblestone_stairs":1,"minecraft:bread":27,"minecraft:iron_bars":2,"minecraft:cobblestone":4},"minecraft:killed_by":{"spore:inf_hazmat":1,"minecraft:skeleton":1,"minecraft:stray":1},"minecraft:mined":{"minecraft:cobblestone_stairs":1,"minecraft:torch":6,"minecraft:grass_block":3,"minecraft:spawner":15,"minecraft:hay_block":7,"minecraft:grass":1,"minecraft:mossy_stone_brick_stairs":1,"minecraft:oak_log":4,"minecraft:iron_bars":4,"minecraft:dirt":7,"minecraft:cracked_stone_bricks":1,"travelersbackpack:black_sleeping_bag":3,"minecraft:stone_bricks":1,"minecraft:oak_leaves":2,"spore:remains":1},"minecraft:killed":{"minecraft:cave_spider":1,"minecraft:creeper":1,"minecraft:skeleton":4,"sons_of_sins:betrayed_guzzler":1,"minecraft:zombie":5},"minecraft:dropped":{"minecraft:wheat_seeds":1,"minecraft:glass_bottle":2,"minecraft:coal":1,"minecraft:dirt":3,"minecraft:leather_horse_armor":1,"tombstone:grave_key":1,"minecraft:iron_bars":2,"minecraft:bone":3},"minecraft:custom":{"minecraft:interact_with_furnace":8,"spartanshields:shield_bash_hits":2,"minecraft:mob_kills":13,"tombstone:raider_killed":2,"minecraft:interact_with_crafting_table":7,"minecraft:time_since_death":6439,"minecraft:sleep_in_bed":1,"minecraft:climb_one_cm":4327,"minecraft:time_since_rest":4040,"minecraft:sprint_one_cm":479267,"minecraft:damage_taken":2109,"minecraft:walk_one_cm":329299,"minecraft:damage_blocked_by_shield":1433,"minecraft:drop":9,"minecraft:damage_dealt":1716,"minecraft:swim_one_cm":14325,"minecraft:fly_one_cm":318503,"minecraft:open_chest":99,"minecraft:crouch_one_cm":913,"minecraft:play_time":87976,"tombstone:undead_killed":9,"minecraft:deaths":4,"minecraft:sneak_time":609,"minecraft:walk_under_water_one_cm":1016,"minecraft:boat_one_cm":12285,"minecraft:jump":1316,"minecraft:interact_with_blast_furnace":4,"minecraft:walk_on_water_one_cm":4953,"minecraft:interact_with_smoker":3,"minecraft:total_world_time":87976,"minecraft:fall_one_cm":20161},"minecraft:used":{"minecraft:deepslate_brick_wall":1,"minecraft:writable_book":1,"minecraft:cobblestone_stairs":1,"minecraft:oak_planks":8,"minecraft:stone_pickaxe":26,"minecraft:baked_potato":2,"minecraft:spruce_planks":21,"travelersbackpack:black_sleeping_bag":2,"minecraft:iron_chestplate":1,"minecraft:torch":32,"minecraft:golden_hoe":8,"minecraft:dirt":65,"spore:gas_mask":1,"minecraft:carrot":14,"travelersbackpack:iron":3,"minecraft:mossy_cobblestone_stairs":1,"fabledweaponry:greatsword_iron":36,"spartanshields:stone_basic_shield":33,"minecraft:bread":9,"minecraft:stone_brick_stairs":1,"minecraft:stone_bricks":2,"minecraft:golden_leggings":1,"minecraft:potion":2,"minecraft:cobblestone":4,"travelersbackpack:standard":6,"minecraft:cooked_porkchop":3,"fabledweaponry:ballista_iron":5,"minecraft:egg":1,"tombstone:gift":2},"minecraft:crafted":{"minecraft:oak_planks":16,"travelersbackpack:iron":1,"minecraft:cooked_porkchop":3,"minecraft:air":0,"minecraft:glass":57}},"DataVersion":3465}