{"stats":{"minecraft:picked_up":{"minecraft:crafting_table":2,"spore:mutated_heart":7,"minecraft:redstone_lamp":2,"minecraft:flower_pot":3,"minecraft:leather_leggings":1,"minecraft:brown_mushroom":4,"minecraft:lead":1,"minecraft:stone_brick_stairs":2,"tombstone:grave_key":1,"spore:innards":3,"minecraft:string":11,"minecraft:red_bed":3,"minecraft:red_nether_bricks":1,"minecraft:iron_shovel":1,"minecraft:cracked_stone_bricks":2,"minecraft:deepslate_tiles":3,"minecraft:gold_nugget":7,"minecraft:smooth_stone":4,"minecraft:iron_nugget":8,"travelersbackpack:black_sleeping_bag":12,"minecraft:iron_pickaxe":1,"minecraft:tinted_glass":1,"fabledweaponry:greatsword_iron":2,"minecraft:chest":2,"minecraft:egg":4,"minecraft:iron_boots":2,"minecraft:tipped_arrow":1,"minecraft:stick":28,"spore:tumor":5,"minecraft:oak_door":2,"minecraft:deepslate_brick_wall":1,"minecraft:torch":29,"minecraft:porkchop":5,"tombstone:grave_dust":6,"minecraft:carrot":1,"minecraft:redstone":2,"minecraft:golden_chestplate":3,"minecraft:stone_pressure_plate":3,"travelersbackpack:iron":4,"minecraft:quartz_block":115,"minecraft:arrow":19,"minecraft:rotten_flesh":15,"minecraft:peony":2,"minecraft:nether_bricks":8,"minecraft:diamond_boots":1,"minecraft:hay_block":7,"minecraft:leather_horse_armor":1,"spore:alveolic_sack":8,"spore:tendons":2,"minecraft:iron_bars":18,"minecraft:cobblestone":323,"paraglider:paraglider":1,"spore:altered_spleen":1,"spore:rooted_biomass":1,"minecraft:leather":2,"minecraft:golden_leggings":1,"paraglider:spirit_orb":80,"minecraft:oak_log":4,"create:raw_zinc":15,"minecraft:golden_boots":1,"minecraft:cobblestone_stairs":1,"minecraft:dirt":26,"minecraft:leather_boots":1,"minecraft:bone":100,"minecraft:stone_bricks":2,"minecraft:bow":3,"minecraft:wheat_seeds":3,"minecraft:cooked_chicken":1,"minecraft:dark_oak_sign":6,"minecraft:cobweb":1,"minecraft:stone_pickaxe":1,"spore:spine":2,"spore:mutated_fiber":95,"minecraft:mossy_stone_bricks":9,"spore:biomass_block":3,"minecraft:mossy_stone_brick_stairs":2,"minecraft:iron_sword":1,"minecraft:soul_sand":1,"spore:cerebrum":4,"minecraft:chiseled_stone_bricks":1,"minecraft:stone_brick_slab":6,"spore:armor_fragment":28,"minecraft:gravel":1,"minecraft:nether_brick_stairs":1,"minecraft:spruce_door":1,"minecraft:spider_eye":3,"minecraft:mossy_cobblestone":1,"sons_of_sins:flesh_of_demise":2,"spore:claw_fragment":26,"minecraft:sugar":2,"minecraft:chainmail_leggings":1,"minecraft:iron_helmet":1,"minecraft:granite":1,"minecraft:mossy_cobblestone_stairs":3,"minecraft:bread":27,"tombstone:magic_scroll":1,"spore:infested_dirt":2,"minecraft:netherrack":2,"minecraft:coal":11,"minecraft:sunflower":1},"minecraft:broken":{"fabledweaponry:greatsword_iron":1,"minecraft:iron_chestplate":1,"minecraft:iron_leggings":1,"minecraft:golden_leggings":1,"minecraft:diamond_boots":1,"spartanshields:stone_basic_shield":1,"minecraft:iron_pickaxe":1},"minecraft:killed_by":{"spore:inf_hazmat":4,"minecraft:stray":1,"minecraft:creeper":1,"spore:plagued":2,"spore:inquisitor":1,"spore:inf_player":3,"spore:inf_husk":1,"minecraft:skeleton":2,"minecraft:zombie":2},"minecraft:mined":{"spore:fungal_roots":2,"create:zinc_ore":15,"spore:wall_growths":8,"minecraft:stone_pressure_plate":1,"minecraft:mossy_cobblestone":3,"minecraft:cobblestone_stairs":1,"minecraft:granite":2,"minecraft:grass_block":8,"spore:fungal_stem":5,"spore:rooted_biomass":1,"spore:growths_small":18,"spore:infested_dirt":1,"minecraft:chiseled_stone_bricks":1,"minecraft:spawner":44,"minecraft:hay_block":7,"minecraft:mossy_cobblestone_stairs":3,"spore:blomfung":19,"minecraft:andesite":27,"spore:growth_mycelium":13,"spore:organite":1,"minecraft:mossy_stone_brick_stairs":3,"minecraft:vine":2,"minecraft:iron_bars":14,"comforts:sleeping_bag_pink":1,"travelersbackpack:black_sleeping_bag":11,"minecraft:stone":484,"minecraft:quartz_block":1,"spore:growths_big":17,"minecraft:crafting_table":2,"minecraft:torch":22,"minecraft:poppy":1,"minecraft:chest":1,"minecraft:cobblestone":33,"spore:biomass_block":3,"minecraft:wall_torch":7,"minecraft:white_terracotta":1,"spore:bloomfung2":82,"minecraft:stone_brick_stairs":1,"spore:fungal_stem_top":11,"minecraft:grass":3,"minecraft:oak_log":4,"minecraft:sunflower":1,"minecraft:gravel":1,"minecraft:dirt":18,"spore:hanging_fungal_stem":12,"minecraft:cracked_stone_bricks":8,"minecraft:potted_red_tulip":2,"minecraft:stone_bricks":5,"minecraft:netherrack":1,"minecraft:mossy_stone_bricks":7,"minecraft:oak_leaves":3,"spore:remains":1,"spore:wall_growths_big":10},"minecraft:killed":{"spore:inf_hazmat":18,"minecraft:cave_spider":3,"spore:braiomil":1,"minecraft:vindicator":1,"minecraft:spider":2,"minecraft:skeleton":12,"spore:verva":1,"minecraft:silverfish":1,"spore:plagued":4,"minecraft:pig":1,"spore:inf_player":8,"minecraft:bat":1,"minecraft:wandering_trader":1,"spore:inf_drowned":1,"minecraft:creeper":1,"sons_of_sins:betrayed_guzzler":1,"minecraft:zombie":11,"spore:inf_human":5,"minecraft:stray":4,"spore:inf_husk":3,"minecraft:wither_skeleton":24,"spore:knight":1},"minecraft:custom":{"minecraft:mob_kills":115,"minecraft:interact_with_crafting_table":23,"minecraft:open_barrel":6,"minecraft:leave_game":2,"minecraft:time_since_death":2812,"minecraft:climb_one_cm":26771,"minecraft:sprint_one_cm":1250634,"minecraft:walk_one_cm":1183259,"minecraft:damage_blocked_by_shield":9403,"minecraft:drop":217,"minecraft:talked_to_villager":1,"minecraft:play_time":336313,"minecraft:deaths":19,"minecraft:sneak_time":4004,"minecraft:walk_under_water_one_cm":9488,"minecraft:boat_one_cm":65037,"minecraft:jump":3782,"minecraft:interact_with_blast_furnace":6,"minecraft:walk_on_water_one_cm":29225,"minecraft:total_world_time":336313,"minecraft:interact_with_furnace":10,"spartanshields:shield_bash_hits":44,"tombstone:raider_killed":2,"minecraft:sleep_in_bed":18,"minecraft:time_since_rest":413,"minecraft:damage_taken":18629,"minecraft:damage_absorbed":481,"minecraft:damage_dealt":13664,"minecraft:player_kills":2,"minecraft:swim_one_cm":109652,"minecraft:fly_one_cm":813551,"minecraft:open_chest":367,"minecraft:crouch_one_cm":26270,"tombstone:undead_killed":51,"minecraft:interact_with_smithing_table":2,"minecraft:interact_with_smoker":8,"minecraft:fall_one_cm":80646,"minecraft:horse_one_cm":914},"minecraft:used":{"minecraft:iron_bars":6,"minecraft:writable_book":1,"spore:biomass_block":3,"minecraft:chest":5,"minecraft:spruce_planks":21,"minecraft:shield":138,"minecraft:iron_sword":179,"vanillaplustools:stone_hammer":80,"travelersbackpack:black_sleeping_bag":11,"minecraft:cooked_chicken":23,"minecraft:iron_chestplate":1,"minecraft:torch":155,"minecraft:dirt":73,"spore:gas_mask":3,"minecraft:carrot":25,"travelersbackpack:iron":14,"minecraft:granite":1,"minecraft:milk_bucket":1,"minecraft:mossy_cobblestone_stairs":1,"spore:infested_dirt":2,"minecraft:quartz_block":7,"minecraft:iron_helmet":2,"minecraft:stone_brick_stairs":1,"minecraft:stone_bricks":2,"minecraft:bow":154,"tombstone:gift":6,"minecraft:egg":4,"minecraft:stone_pressure_plate":1,"minecraft:cooked_beef":15,"minecraft:iron_leggings":1,"minecraft:deepslate_brick_wall":1,"minecraft:mossy_stone_bricks":1,"minecraft:diamond_boots":1,"minecraft:cobblestone_stairs":1,"minecraft:dark_oak_sign":1,"minecraft:baked_potato":2,"minecraft:oak_planks":35,"minecraft:stone_pickaxe":128,"minecraft:cracked_stone_bricks":2,"minecraft:golden_apple":12,"minecraft:golden_hoe":8,"minecraft:crafting_table":3,"fabledweaponry:greatsword_iron":253,"minecraft:bread":31,"spartanshields:stone_basic_shield":35,"minecraft:iron_pickaxe":89,"tombstone:grave_key":1,"minecraft:gravel":1,"minecraft:golden_leggings":1,"minecraft:chiseled_stone_bricks":1,"minecraft:cobblestone":499,"minecraft:potion":11,"travelersbackpack:standard":6,"minecraft:cooked_porkchop":3,"fabledweaponry:ballista_iron":10,"minecraft:smooth_stone":1,"minecraft:chainmail_leggings":1},"minecraft:dropped":{"minecraft:nether_brick_stairs":1,"minecraft:golden_boots":1,"minecraft:soul_sand":1,"minecraft:porkchop":2,"minecraft:brown_mushroom":4,"minecraft:wheat_seeds":1,"minecraft:glass_bottle":8,"minecraft:cobblestone":50,"minecraft:spruce_door":1,"minecraft:coal":6,"paraglider:spirit_orb":4,"minecraft:redstone_lamp":1,"minecraft:dirt":3,"minecraft:red_bed":2,"minecraft:leather_horse_armor":2,"fabledweaponry:greatsword_iron":1,"tombstone:grave_key":1,"tombstone:grave_dust":4,"minecraft:smooth_stone":3,"paraglider:paraglider":1,"minecraft:string":2,"minecraft:stone_brick_slab":3,"sons_of_sins:flesh_of_demise":2,"minecraft:bone":69,"minecraft:redstone":2,"minecraft:oak_door":2,"minecraft:stone_axe":1,"minecraft:cooked_chicken":1,"minecraft:golden_chestplate":3,"minecraft:dark_oak_sign":4,"minecraft:rotten_flesh":5,"minecraft:oak_planks":3,"spore:cerebrum":1,"minecraft:nether_bricks":8,"minecraft:deepslate_tiles":3,"minecraft:flower_pot":1,"minecraft:peony":1,"minecraft:quartz_block":90,"minecraft:mossy_stone_bricks":3,"minecraft:leather_boots":1,"minecraft:leather_leggings":1,"minecraft:stone_pressure_plate":1,"minecraft:red_nether_bricks":1,"minecraft:iron_bars":10,"minecraft:stone_pickaxe":2,"minecraft:netherrack":2},"minecraft:crafted":{"minecraft:oak_planks":16,"travelersbackpack:iron":2,"vanillaplustools:stone_hammer":1,"minecraft:glass":57,"minecraft:stone_pickaxe":8,"minecraft:chest":4,"paraglider:paraglider":1,"minecraft:cooked_porkchop":3,"minecraft:crafting_table":1,"minecraft:air":0,"minecraft:stick":36,"minecraft:iron_ingot":2,"minecraft:torch":112}},"DataVersion":3465}