{"stats":{"minecraft:picked_up":{"minecraft:deepslate_brick_wall":1,"minecraft:porkchop":3,"minecraft:bread":27,"minecraft:string":2,"minecraft:dirt":15},"minecraft:killed_by":{"minecraft:skeleton":1},"minecraft:mined":{"minecraft:dirt":7},"minecraft:used":{"minecraft:dirt":65,"minecraft:bread":2,"tombstone:gift":2},"minecraft:custom":{"minecraft:time_since_rest":13378,"minecraft:open_chest":15,"minecraft:play_time":15976,"minecraft:interact_with_furnace":3,"minecraft:sprint_one_cm":63914,"minecraft:walk_one_cm":58687,"minecraft:damage_taken":460,"minecraft:deaths":1,"minecraft:sneak_time":5,"minecraft:walk_under_water_one_cm":632,"minecraft:jump":141,"minecraft:damage_dealt":8,"minecraft:time_since_death":14404,"minecraft:walk_on_water_one_cm":3084,"minecraft:total_world_time":15976,"minecraft:swim_one_cm":10957,"minecraft:fall_one_cm":4210,"minecraft:fly_one_cm":24108},"minecraft:crafted":{"minecraft:glass":57}},"DataVersion":3465}