{"stats":{"minecraft:picked_up":{"minecraft:deepslate_brick_wall":1,"minecraft:golden_leggings":1,"minecraft:torch":4,"paraglider:spirit_orb":12,"minecraft:porkchop":3,"minecraft:stone_brick_stairs":1,"tombstone:grave_key":1,"minecraft:cobblestone_stairs":1,"minecraft:mossy_cobblestone":1,"minecraft:dirt":18,"minecraft:string":4,"minecraft:stone_bricks":2,"minecraft:bone":3,"minecraft:arrow":1,"minecraft:rotten_flesh":2,"minecraft:mossy_cobblestone_stairs":1,"minecraft:mossy_stone_bricks":5,"minecraft:bread":27,"travelersbackpack:black_sleeping_bag":2,"minecraft:iron_bars":2,"minecraft:cobblestone":4,"minecraft:egg":1},"minecraft:killed_by":{"minecraft:stray":1,"minecraft:skeleton":1},"minecraft:mined":{"minecraft:cobblestone_stairs":1,"minecraft:torch":4,"minecraft:grass_block":3,"minecraft:iron_bars":2,"minecraft:dirt":7,"minecraft:stone_bricks":1,"travelersbackpack:black_sleeping_bag":2,"spore:remains":1,"minecraft:spawner":8},"minecraft:killed":{"minecraft:skeleton":3,"minecraft:cave_spider":1,"minecraft:zombie":1},"minecraft:dropped":{"tombstone:grave_key":1},"minecraft:used":{"minecraft:deepslate_brick_wall":1,"minecraft:mossy_cobblestone_stairs":1,"fabledweaponry:greatsword_iron":15,"minecraft:writable_book":1,"minecraft:cobblestone_stairs":1,"spartanshields:stone_basic_shield":8,"minecraft:baked_potato":1,"minecraft:bread":3,"minecraft:stone_pickaxe":15,"travelersbackpack:black_sleeping_bag":1,"minecraft:stone_bricks":2,"minecraft:stone_brick_stairs":1,"minecraft:golden_leggings":1,"minecraft:iron_chestplate":1,"minecraft:torch":19,"minecraft:dirt":65,"minecraft:cobblestone":4,"spore:gas_mask":1,"travelersbackpack:standard":3,"fabledweaponry:ballista_iron":3,"minecraft:cooked_porkchop":3,"minecraft:carrot":14,"tombstone:gift":2,"minecraft:egg":1},"minecraft:custom":{"minecraft:time_since_rest":1,"minecraft:interact_with_furnace":8,"minecraft:sprint_one_cm":235226,"spartanshields:shield_bash_hits":1,"minecraft:damage_taken":1365,"minecraft:walk_one_cm":218051,"minecraft:damage_blocked_by_shield":371,"minecraft:mob_kills":6,"minecraft:drop":1,"minecraft:damage_dealt":560,"minecraft:swim_one_cm":10957,"minecraft:fly_one_cm":142869,"minecraft:open_chest":62,"minecraft:crouch_one_cm":197,"minecraft:play_time":51976,"tombstone:undead_killed":4,"minecraft:deaths":3,"minecraft:sneak_time":290,"minecraft:walk_under_water_one_cm":632,"minecraft:boat_one_cm":12285,"minecraft:jump":591,"minecraft:interact_with_blast_furnace":4,"minecraft:walk_on_water_one_cm":3409,"minecraft:time_since_death":1099,"minecraft:total_world_time":51976,"minecraft:interact_with_smoker":3,"minecraft:climb_one_cm":4327,"minecraft:fall_one_cm":10739},"minecraft:crafted":{"minecraft:glass":57,"minecraft:cooked_porkchop":3,"minecraft:air":0}},"DataVersion":3465}