{"stats":{"minecraft:picked_up":{"minecraft:deepslate_brick_wall":1,"minecraft:porkchop":3,"minecraft:bread":27,"minecraft:string":2,"minecraft:dirt":18,"minecraft:egg":1},"minecraft:killed_by":{"minecraft:skeleton":1},"minecraft:mined":{"minecraft:grass_block":3,"minecraft:dirt":7},"minecraft:custom":{"minecraft:time_since_rest":25378,"minecraft:open_chest":33,"minecraft:crouch_one_cm":8,"minecraft:play_time":27976,"minecraft:interact_with_furnace":8,"minecraft:sprint_one_cm":95710,"minecraft:walk_one_cm":84674,"minecraft:damage_taken":480,"minecraft:deaths":1,"minecraft:sneak_time":69,"minecraft:walk_under_water_one_cm":632,"minecraft:boat_one_cm":12285,"minecraft:jump":273,"minecraft:damage_dealt":8,"minecraft:interact_with_blast_furnace":1,"minecraft:time_since_death":26404,"minecraft:walk_on_water_one_cm":3409,"minecraft:climb_one_cm":226,"minecraft:interact_with_smoker":1,"minecraft:total_world_time":27976,"minecraft:swim_one_cm":10957,"minecraft:fall_one_cm":8674,"minecraft:fly_one_cm":57243},"minecraft:used":{"minecraft:deepslate_brick_wall":1,"minecraft:writable_book":1,"minecraft:dirt":65,"spore:gas_mask":1,"travelersbackpack:standard":2,"minecraft:cooked_porkchop":1,"minecraft:bread":2,"tombstone:gift":2,"minecraft:egg":1},"minecraft:crafted":{"minecraft:glass":57,"minecraft:cooked_porkchop":3,"minecraft:air":0}},"DataVersion":3465}