{"stats":{"minecraft:picked_up":{"minecraft:deepslate_brick_wall":1,"minecraft:torch":2,"minecraft:porkchop":3,"tombstone:grave_key":1,"minecraft:dirt":18,"minecraft:string":2,"minecraft:rotten_flesh":2,"minecraft:bread":27,"travelersbackpack:black_sleeping_bag":2,"minecraft:iron_bars":2,"minecraft:egg":1},"minecraft:killed_by":{"minecraft:skeleton":1},"minecraft:mined":{"minecraft:torch":2,"minecraft:grass_block":3,"minecraft:iron_bars":2,"minecraft:dirt":7,"travelersbackpack:black_sleeping_bag":2,"spore:remains":1,"minecraft:spawner":1},"minecraft:dropped":{"tombstone:grave_key":1},"minecraft:used":{"minecraft:deepslate_brick_wall":1,"fabledweaponry:greatsword_iron":3,"minecraft:writable_book":1,"minecraft:bread":2,"minecraft:stone_pickaxe":5,"travelersbackpack:black_sleeping_bag":1,"minecraft:golden_leggings":1,"minecraft:iron_chestplate":1,"minecraft:torch":4,"minecraft:dirt":65,"spore:gas_mask":1,"travelersbackpack:standard":3,"minecraft:cooked_porkchop":3,"tombstone:gift":2,"minecraft:egg":1},"minecraft:custom":{"minecraft:time_since_rest":7997,"minecraft:interact_with_furnace":8,"minecraft:sprint_one_cm":170526,"minecraft:damage_taken":846,"minecraft:walk_one_cm":153630,"minecraft:drop":1,"minecraft:damage_dealt":166,"minecraft:swim_one_cm":10957,"minecraft:fly_one_cm":116535,"minecraft:open_chest":51,"minecraft:crouch_one_cm":26,"minecraft:play_time":39976,"minecraft:deaths":2,"minecraft:sneak_time":196,"minecraft:walk_under_water_one_cm":632,"minecraft:boat_one_cm":12285,"minecraft:jump":478,"minecraft:interact_with_blast_furnace":4,"minecraft:walk_on_water_one_cm":3409,"minecraft:time_since_death":10396,"minecraft:total_world_time":39976,"minecraft:interact_with_smoker":3,"minecraft:climb_one_cm":4327,"minecraft:fall_one_cm":10321},"minecraft:crafted":{"minecraft:glass":57,"minecraft:cooked_porkchop":3,"minecraft:air":0}},"DataVersion":3465}