{"stats":{"minecraft:picked_up":{"minecraft:deepslate_brick_wall":1,"minecraft:golden_leggings":1,"minecraft:torch":4,"paraglider:spirit_orb":18,"minecraft:porkchop":3,"minecraft:stone_brick_stairs":1,"tombstone:grave_key":1,"tombstone:grave_dust":2,"minecraft:cobblestone_stairs":1,"minecraft:mossy_cobblestone":1,"minecraft:dirt":18,"minecraft:string":4,"minecraft:stone_bricks":2,"minecraft:bone":3,"minecraft:arrow":1,"minecraft:rotten_flesh":4,"minecraft:mossy_cobblestone_stairs":1,"minecraft:mossy_stone_bricks":5,"minecraft:bread":27,"travelersbackpack:black_sleeping_bag":2,"minecraft:mossy_stone_brick_stairs":1,"minecraft:iron_bars":2,"minecraft:cobblestone":4,"minecraft:egg":1},"minecraft:killed_by":{"minecraft:stray":1,"minecraft:skeleton":1},"minecraft:mined":{"minecraft:cobblestone_stairs":1,"minecraft:torch":4,"minecraft:mossy_stone_brick_stairs":1,"minecraft:grass_block":3,"minecraft:iron_bars":4,"minecraft:dirt":7,"minecraft:stone_bricks":1,"travelersbackpack:black_sleeping_bag":2,"spore:remains":1,"minecraft:spawner":12},"minecraft:killed":{"minecraft:skeleton":3,"minecraft:cave_spider":1,"minecraft:zombie":3},"minecraft:dropped":{"tombstone:grave_key":1},"minecraft:used":{"minecraft:deepslate_brick_wall":1,"minecraft:mossy_cobblestone_stairs":1,"fabledweaponry:greatsword_iron":26,"minecraft:writable_book":1,"minecraft:cobblestone_stairs":1,"spartanshields:stone_basic_shield":17,"minecraft:baked_potato":2,"minecraft:bread":4,"minecraft:stone_pickaxe":22,"travelersbackpack:black_sleeping_bag":1,"minecraft:stone_bricks":2,"minecraft:stone_brick_stairs":1,"minecraft:golden_leggings":1,"minecraft:iron_chestplate":1,"minecraft:torch":27,"minecraft:dirt":65,"minecraft:cobblestone":4,"spore:gas_mask":1,"travelersbackpack:standard":5,"fabledweaponry:ballista_iron":3,"minecraft:cooked_porkchop":3,"minecraft:carrot":14,"tombstone:gift":2,"minecraft:egg":1},"minecraft:custom":{"minecraft:time_since_rest":4700,"minecraft:interact_with_furnace":8,"minecraft:sprint_one_cm":285537,"spartanshields:shield_bash_hits":1,"minecraft:damage_taken":1601,"minecraft:walk_one_cm":243471,"minecraft:damage_blocked_by_shield":923,"minecraft:mob_kills":8,"minecraft:drop":1,"minecraft:damage_dealt":1088,"minecraft:swim_one_cm":10957,"minecraft:fly_one_cm":176181,"minecraft:open_chest":70,"minecraft:crouch_one_cm":197,"minecraft:play_time":57976,"tombstone:undead_killed":6,"minecraft:deaths":3,"minecraft:sneak_time":290,"minecraft:walk_under_water_one_cm":632,"minecraft:boat_one_cm":12285,"minecraft:jump":678,"minecraft:interact_with_blast_furnace":4,"minecraft:walk_on_water_one_cm":3409,"minecraft:time_since_death":7099,"minecraft:total_world_time":57976,"minecraft:interact_with_smoker":3,"minecraft:climb_one_cm":4327,"minecraft:fall_one_cm":11287},"minecraft:crafted":{"minecraft:glass":57,"minecraft:cooked_porkchop":3,"minecraft:air":0}},"DataVersion":3465}