{"stats":{"minecraft:killed_by":{"minecraft:player":5,"spore:busser":2,"minecraft:creeper":1,"spore:usurper":1,"spore:inquisitor":1,"spore:delusioner":1,"spore:inf_pillager":1,"siren_head:siren_head":1,"spore:inf_player":2,"minecraft:skeleton":1,"minecraft:phantom":1,"minecraft:zombie":1},"minecraft:used":{"fabledweaponry:waraxe_iron":1,"vanillaplustools:stone_hammer":131,"minecraft:cooked_chicken":2,"minecraft:dirt":15,"minecraft:mutton":10,"minecraft:bow":7,"minecraft:beef":5,"tombstone:gift":5,"minecraft:egg":2,"minecraft:cooked_beef":5,"minecraft:cooked_mutton":3,"minecraft:stone_pickaxe":7,"comforts:sleeping_bag_black":7,"minecraft:wooden_pickaxe":21,"minecraft:salmon":7,"minecraft:white_wool":6,"minecraft:sand":1,"minecraft:lime_bed":5,"minecraft:crafting_table":2,"vanillaplustools:stone_shovel":131,"minecraft:white_bed":2,"minecraft:cod":1,"fabledweaponry:greatsword_iron":91,"minecraft:sunflower":3,"minecraft:leather_helmet":1,"minecraft:stone_axe":23,"minecraft:diamond_sword":46,"minecraft:cobblestone":574,"travelersbackpack:standard":10,"minecraft:porkchop":3,"minecraft:cooked_porkchop":7,"minecraft:oak_boat":3,"fabledweaponry:longbow_leather":60},"minecraft:dropped":{"minecraft:brown_mushroom":1,"minecraft:birch_planks":2,"minecraft:oak_pressure_plate":1,"minecraft:cooked_porkchop":17,"minecraft:golden_axe":1,"minecraft:feather":2,"minecraft:cobblestone":439,"minecraft:apple":4,"minecraft:granite":63,"minecraft:cracked_stone_bricks":6,"minecraft:spruce_door":1,"minecraft:golden_apple":1,"minecraft:stick":6,"minecraft:flint":7,"minecraft:dirt":1065,"minecraft:diorite":106,"fabledweaponry:greatsword_iron":2,"tombstone:grave_key":6,"minecraft:cooked_salmon":3,"tombstone:grave_dust":2,"minecraft:potion":1,"minecraft:sunflower":1,"minecraft:sand":2,"minecraft:string":3,"minecraft:gravel":14,"minecraft:kelp":6,"minecraft:cooked_chicken":4,"minecraft:rotten_flesh":1,"minecraft:oak_planks":128,"spore:mutated_fiber":4,"minecraft:cooked_mutton":2,"minecraft:diamond_sword":1,"minecraft:andesite":18,"vanillaplustools:stone_hammer":1,"minecraft:stone_bricks":1,"minecraft:arrow":58,"minecraft:stone_pickaxe":2,"minecraft:iron_bars":2,"minecraft:wooden_pickaxe":2,"comforts:sleeping_bag_pink":4},"minecraft:crafted":{"minecraft:stone_shovel":9,"vanillaplustools:stone_hammer":2,"minecraft:cooked_chicken":10,"minecraft:cooked_mutton":5,"minecraft:stone_pickaxe":19,"vanillaplustools:stone_shovel":1,"minecraft:cooked_beef":10,"minecraft:cooked_porkchop":24,"minecraft:crafting_table":1,"minecraft:birch_planks":68,"minecraft:stone_axe":1,"minecraft:air":0,"minecraft:stick":100},"minecraft:mined":{"minecraft:white_bed":2,"minecraft:granite":79,"minecraft:grass_block":69,"spore:fungal_stem":1,"minecraft:kelp":6,"spore:rotten_bush":2,"spore:growths_small":1,"spore:mycelium_veins":3,"spore:blomfung":1,"minecraft:iron_ore":3,"minecraft:andesite":5,"minecraft:stone":814,"minecraft:dandelion":1,"travelersbackpack:standard":1,"spore:growths_big":1,"minecraft:crafting_table":2,"minecraft:copper_ore":9,"minecraft:tall_grass":13,"minecraft:cobblestone":19,"minecraft:diorite":143,"minecraft:seagrass":2,"minecraft:lime_bed":6,"minecraft:birch_log":18,"minecraft:birch_leaves":5,"spore:fungal_stem_top":1,"minecraft:grass":37,"minecraft:mycelium":1,"minecraft:coal_ore":45,"minecraft:gravel":11,"minecraft:sunflower":2,"minecraft:dirt":983,"minecraft:sand":3,"minecraft:oak_leaves":6},"minecraft:custom":{"minecraft:mob_kills":62,"minecraft:interact_with_crafting_table":8,"minecraft:leave_game":4,"minecraft:time_since_death":3167,"minecraft:climb_one_cm":4556,"minecraft:sprint_one_cm":387055,"minecraft:walk_one_cm":754993,"minecraft:drop":110,"minecraft:play_time":251879,"minecraft:deaths":20,"minecraft:sneak_time":16188,"minecraft:walk_under_water_one_cm":67227,"minecraft:boat_one_cm":277962,"minecraft:jump":6121,"minecraft:walk_on_water_one_cm":71195,"minecraft:total_world_time":251879,"minecraft:interact_with_furnace":36,"minecraft:sleep_in_bed":15,"minecraft:time_since_rest":2367,"minecraft:damage_taken":12125,"minecraft:damage_dealt":5532,"minecraft:swim_one_cm":303213,"minecraft:fly_one_cm":990642,"minecraft:open_chest":136,"minecraft:crouch_one_cm":65412,"tombstone:undead_killed":4,"minecraft:fall_one_cm":127018},"minecraft:killed":{"minecraft:spider":1,"minecraft:skeleton":2,"minecraft:chicken":10,"minecraft:pig":14,"spore:inf_player":1,"minecraft:salmon":6,"minecraft:creeper":1,"spore:brot":1,"minecraft:sheep":10,"spore:inf_villager":1,"spore:inf_human":1,"minecraft:zombie":2,"spore:busser":1,"spore:knight":1,"minecraft:cow":10},"minecraft:picked_up":{"minecraft:crafting_table":3,"minecraft:chicken":10,"minecraft:leather_leggings":2,"minecraft:brown_mushroom":1,"minecraft:diamond_sword":1,"minecraft:wooden_pickaxe":1,"minecraft:enchanted_book":1,"tombstone:grave_key":5,"minecraft:string":6,"minecraft:raw_copper":64,"minecraft:flint_and_steel":1,"minecraft:cracked_stone_bricks":6,"comforts:sleeping_bag_black":8,"minecraft:gold_nugget":8,"minecraft:beef":16,"minecraft:oak_boat":9,"fabledweaponry:greatsword_iron":2,"minecraft:egg":2,"minecraft:raw_iron":3,"minecraft:stick":10,"minecraft:porkchop":33,"minecraft:golden_axe":2,"tombstone:grave_dust":3,"minecraft:diorite":106,"spartanshields:stone_basic_shield":1,"minecraft:arrow":111,"minecraft:rotten_flesh":2,"spore:alveolic_sack":3,"minecraft:mutton":16,"minecraft:iron_bars":2,"minecraft:cod":1,"minecraft:white_wool":11,"minecraft:cobblestone":938,"minecraft:birch_log":17,"minecraft:lime_bed":7,"minecraft:feather":17,"minecraft:salmon":7,"minecraft:andesite":18,"minecraft:leather":10,"minecraft:birch_planks":32,"minecraft:flint":2,"fabledweaponry:longbow_leather":1,"minecraft:gunpowder":1,"minecraft:dirt":1074,"minecraft:leather_boots":2,"minecraft:bone":4,"minecraft:stone_bricks":1,"minecraft:kelp":12,"minecraft:bow":1,"minecraft:wheat_seeds":12,"minecraft:stone_pickaxe":1,"comforts:sleeping_bag_pink":4,"spore:mutated_fiber":9,"minecraft:cooked_porkchop":6,"minecraft:dandelion":1,"minecraft:oak_pressure_plate":1,"minecraft:gravel":14,"minecraft:sand":3,"minecraft:white_bed":2,"minecraft:spruce_door":2,"minecraft:leather_helmet":1,"travelersbackpack:standard":2,"minecraft:pumpkin_seeds":6,"minecraft:stone_axe":1,"minecraft:granite":69,"vanillaplustools:stone_hammer":1,"minecraft:coal":41,"minecraft:sunflower":4},"minecraft:broken":{"minecraft:leather_helmet":1,"vanillaplustools:stone_hammer":1,"minecraft:leather_boots":1,"vanillaplustools:stone_shovel":1}},"DataVersion":3465}