{"stats":{"minecraft:dropped":{"minecraft:lapis_lazuli":40,"minecraft:wheat_seeds":2,"minecraft:birch_planks":16,"minecraft:brown_mushroom":1,"minecraft:oak_pressure_plate":1,"minecraft:lilac":9,"minecraft:diamond":3,"minecraft:cooked_porkchop":17,"minecraft:golden_axe":1,"minecraft:feather":2,"minecraft:cobblestone":1974,"minecraft:leather":5,"minecraft:apple":5,"minecraft:granite":183,"minecraft:cracked_stone_bricks":6,"minecraft:spruce_door":1,"minecraft:coal":23,"minecraft:golden_apple":1,"minecraft:cobblestone_stairs":4,"minecraft:stick":6,"minecraft:flint":11,"spore:infested_cobblestone":15,"minecraft:dirt":1723,"minecraft:diorite":188,"fabledweaponry:greatsword_iron":2,"tombstone:grave_key":11,"minecraft:cooked_salmon":3,"tombstone:grave_dust":4,"minecraft:potion":3,"minecraft:sunflower":1,"minecraft:sand":9,"securitycraft:reinforced_dirt":4,"minecraft:iron_pickaxe":2,"minecraft:string":3,"create:raw_zinc":3,"minecraft:bone":4,"spore:infested_sand":12,"minecraft:gravel":15,"minecraft:furnace":1,"minecraft:kelp":6,"minecraft:cooked_chicken":8,"minecraft:cobbled_deepslate":785,"minecraft:tuff":132,"minecraft:rotten_flesh":1,"minecraft:oak_planks":155,"spore:mutated_fiber":9,"minecraft:cooked_mutton":2,"minecraft:diamond_sword":1,"create:scoria":57,"minecraft:andesite":327,"minecraft:oak_boat":1,"minecraft:oak_sapling":4,"vanillaplustools:stone_hammer":1,"minecraft:stone_bricks":1,"minecraft:wooden_pickaxe":2,"minecraft:stone_pickaxe":2,"minecraft:iron_bars":2,"minecraft:arrow":58,"minecraft:calcite":45,"minecraft:cooked_rabbit":1,"comforts:sleeping_bag_black":2,"comforts:sleeping_bag_pink":4},"minecraft:used":{"fabledweaponry:waraxe_iron":1,"minecraft:chest":10,"vanillaplustools:stone_hammer":655,"minecraft:cooked_chicken":2,"minecraft:dirt":15,"minecraft:mutton":10,"minecraft:granite":9,"minecraft:beef":5,"minecraft:bow":7,"minecraft:furnace":4,"tombstone:gift":8,"minecraft:egg":2,"minecraft:cooked_beef":5,"minecraft:cooked_mutton":4,"comforts:sleeping_bag_black":7,"minecraft:stone_pickaxe":58,"minecraft:oak_planks":2,"minecraft:wooden_pickaxe":21,"minecraft:stonecutter":1,"minecraft:white_wool":6,"minecraft:salmon":7,"minecraft:sand":1,"minecraft:lime_bed":8,"minecraft:crafting_table":9,"vanillaplustools:stone_shovel":264,"minecraft:white_bed":5,"minecraft:cod":1,"fabledweaponry:greatsword_iron":100,"minecraft:sunflower":3,"minecraft:iron_pickaxe":460,"minecraft:leather_helmet":1,"minecraft:stone_axe":42,"minecraft:diamond_sword":46,"travelersbackpack:standard":16,"minecraft:cobblestone":838,"minecraft:porkchop":3,"minecraft:cooked_porkchop":7,"minecraft:andesite":1,"minecraft:bucket":2,"minecraft:oak_boat":6,"fabledweaponry:longbow_leather":64},"minecraft:killed":{"minecraft:spider":1,"minecraft:skeleton":2,"minecraft:chicken":10,"minecraft:pig":14,"spore:inf_player":1,"minecraft:salmon":6,"minecraft:creeper":1,"minecraft:sheep":11,"spore:brot":1,"spore:inf_villager":1,"spore:inf_human":1,"minecraft:zombie":2,"spore:busser":1,"spore:knight":1,"minecraft:cow":14},"minecraft:custom":{"minecraft:mob_kills":67,"minecraft:interact_with_crafting_table":33,"minecraft:leave_game":5,"minecraft:time_since_death":46674,"minecraft:climb_one_cm":4556,"minecraft:sprint_one_cm":530918,"minecraft:walk_one_cm":1244122,"minecraft:drop":307,"minecraft:play_time":474717,"minecraft:deaths":28,"minecraft:sneak_time":20529,"minecraft:walk_under_water_one_cm":153325,"minecraft:boat_one_cm":337317,"minecraft:jump":9246,"minecraft:walk_on_water_one_cm":167381,"minecraft:total_world_time":474717,"minecraft:interact_with_furnace":73,"minecraft:interact_with_stonecutter":3,"minecraft:sleep_in_bed":20,"minecraft:time_since_rest":19892,"minecraft:damage_taken":16080,"tombstone:sneak_grave":1,"minecraft:damage_dealt":6622,"minecraft:player_kills":1,"minecraft:swim_one_cm":541192,"minecraft:fly_one_cm":1320254,"minecraft:open_chest":276,"minecraft:crouch_one_cm":76310,"tombstone:undead_killed":4,"minecraft:fall_one_cm":228555},"minecraft:killed_by":{"minecraft:player":7,"spore:busser":2,"minecraft:creeper":1,"spore:usurper":1,"spore:inquisitor":1,"spore:delusioner":1,"spore:inf_pillager":1,"spore:spitter":1,"siren_head:siren_head":1,"spore:inf_player":2,"minecraft:skeleton":1,"minecraft:phantom":1,"minecraft:zombie":1,"spore:wendigo":1},"minecraft:crafted":{"minecraft:stone_shovel":18,"vanillaplustools:stone_hammer":5,"minecraft:cooked_chicken":10,"minecraft:furnace":1,"minecraft:cooked_mutton":5,"minecraft:glass":8,"minecraft:stone_pickaxe":46,"vanillaplustools:stone_shovel":2,"minecraft:cooked_beef":10,"minecraft:cooked_porkchop":24,"minecraft:crafting_table":3,"minecraft:bucket":2,"minecraft:birch_planks":68,"minecraft:stone_axe":1,"minecraft:air":0,"minecraft:stick":148,"minecraft:iron_pickaxe":2,"minecraft:iron_ingot":76},"minecraft:mined":{"create:deepslate_zinc_ore":36,"minecraft:tuff":140,"spore:infested_sand":17,"spore:wall_growths_big":4,"minecraft:white_bed":5,"minecraft:deepslate_diamond_ore":9,"spore:infested_cobblestone":23,"minecraft:budding_amethyst":17,"minecraft:glow_lichen":2,"minecraft:granite":204,"minecraft:grass_block":271,"spore:fungal_stem":1,"spore:rotten_bush":2,"minecraft:kelp":6,"spore:growths_small":1,"spore:mycelium_veins":15,"minecraft:furnace":3,"spore:blomfung":1,"minecraft:iron_ore":62,"minecraft:andesite":444,"minecraft:deepslate_lapis_ore":13,"minecraft:small_amethyst_bud":5,"minecraft:deepslate_iron_ore":47,"minecraft:stone":2416,"create:veridium":68,"minecraft:deepslate_redstone_ore":74,"minecraft:medium_amethyst_bud":2,"minecraft:amethyst_cluster":4,"minecraft:dandelion":1,"travelersbackpack:standard":1,"spore:growths_big":1,"minecraft:crafting_table":7,"minecraft:torch":1,"minecraft:calcite":44,"minecraft:chest":10,"create:scoria":95,"minecraft:tall_grass":14,"minecraft:copper_ore":42,"minecraft:cobblestone":43,"minecraft:deepslate_gold_ore":28,"minecraft:lapis_ore":15,"minecraft:diorite":333,"minecraft:amethyst_block":109,"minecraft:deepslate_copper_ore":19,"minecraft:seagrass":2,"minecraft:lime_bed":8,"minecraft:birch_log":18,"minecraft:lilac":2,"minecraft:birch_leaves":5,"spore:fungal_stem_top":1,"minecraft:grass":43,"minecraft:coal_ore":63,"minecraft:mycelium":1,"minecraft:sunflower":2,"minecraft:gravel":15,"minecraft:sand":9,"minecraft:dirt":1353,"minecraft:smooth_basalt":12,"minecraft:stonecutter":1,"minecraft:oak_leaves":6,"minecraft:deepslate":1378},"minecraft:picked_up":{"minecraft:crafting_table":8,"minecraft:lead":3,"minecraft:chicken":10,"minecraft:leather_leggings":2,"minecraft:brown_mushroom":1,"minecraft:diamond_sword":1,"minecraft:wooden_pickaxe":1,"minecraft:pink_wool":1,"minecraft:cooked_rabbit":1,"minecraft:potion":3,"minecraft:enchanted_book":4,"tombstone:grave_key":6,"minecraft:golden_sword":2,"minecraft:amethyst_block":127,"spore:innards":2,"minecraft:string":6,"minecraft:raw_copper":475,"minecraft:flint_and_steel":1,"spore:infested_cobblestone":97,"securitycraft:reinforced_dirt":8,"minecraft:cracked_stone_bricks":6,"comforts:sleeping_bag_black":10,"minecraft:cobbled_deepslate":1314,"minecraft:gold_nugget":8,"minecraft:beef":25,"minecraft:oak_boat":11,"spore:infested_sand":14,"minecraft:calcite":45,"minecraft:sugar_cane":16,"minecraft:iron_pickaxe":1,"fabledweaponry:greatsword_iron":2,"minecraft:chest":10,"minecraft:birch_sapling":2,"securitycraft:reinforced_cobblestone_stairs":34,"minecraft:furnace":4,"minecraft:egg":2,"minecraft:stick":21,"minecraft:raw_iron":228,"securitycraft:reinforced_cobblestone":8,"minecraft:jukebox":1,"minecraft:porkchop":33,"minecraft:golden_axe":2,"spore:biomass":8,"tombstone:grave_dust":11,"minecraft:diorite":194,"minecraft:carrot":22,"minecraft:redstone":816,"spartanshields:stone_basic_shield":1,"minecraft:stone_shovel":1,"minecraft:arrow":166,"minecraft:rotten_flesh":2,"create:scoria":57,"create:veridium":128,"minecraft:gold_ingot":10,"spore:alveolic_sack":3,"spore:tendons":8,"minecraft:mutton":17,"minecraft:iron_bars":2,"minecraft:cod":3,"minecraft:white_wool":11,"minecraft:cobblestone":3001,"minecraft:birch_log":27,"minecraft:lime_bed":9,"minecraft:cooked_beef":10,"minecraft:feather":29,"minecraft:lilac":15,"minecraft:andesite":383,"minecraft:salmon":7,"minecraft:leather":44,"minecraft:potato":4,"minecraft:birch_planks":96,"minecraft:flint":4,"minecraft:tuff":195,"create:raw_zinc":99,"fabledweaponry:longbow_leather":1,"minecraft:gunpowder":73,"minecraft:cobblestone_stairs":245,"minecraft:lapis_lazuli":502,"minecraft:dirt":1739,"minecraft:stonecutter":1,"minecraft:name_tag":1,"minecraft:glass":31,"minecraft:iron_ingot":55,"minecraft:cooked_chicken":9,"minecraft:leather_boots":2,"minecraft:cobweb":6,"minecraft:bone":28,"minecraft:apple":7,"minecraft:raw_gold":112,"minecraft:stone_bricks":1,"minecraft:kelp":14,"minecraft:bow":1,"minecraft:wheat_seeds":16,"comforts:sleeping_bag_pink":5,"minecraft:stone_pickaxe":2,"spore:mutated_fiber":40,"minecraft:bamboo":6,"minecraft:stone_hoe":1,"minecraft:oak_planks":47,"spore:cerebrum":2,"minecraft:cooked_porkchop":6,"minecraft:lava_bucket":1,"spore:armor_fragment":53,"minecraft:dandelion":1,"minecraft:oak_pressure_plate":1,"minecraft:raw_iron_block":3,"minecraft:gravel":16,"minecraft:sand":523,"minecraft:amethyst_shard":32,"minecraft:white_bed":5,"minecraft:mossy_cobblestone":4,"minecraft:spruce_door":2,"minecraft:leather_helmet":1,"spore:claw_fragment":50,"travelersbackpack:standard":2,"minecraft:pumpkin_seeds":6,"minecraft:diamond":18,"minecraft:stone_axe":3,"minecraft:granite":199,"vanillaplustools:stone_hammer":1,"minecraft:golden_apple":1,"minecraft:bread":6,"spore:spine_fragment":1,"minecraft:oak_sapling":29,"minecraft:coal":171,"minecraft:ender_pearl":2,"minecraft:sunflower":4},"minecraft:broken":{"minecraft:leather_helmet":1,"minecraft:leather_leggings":1,"vanillaplustools:stone_hammer":5,"minecraft:leather_boots":1,"vanillaplustools:stone_shovel":2}},"DataVersion":3465}