{"stats":{"minecraft:broken":{"minecraft:leather_leggings":1,"minecraft:leather_helmet":1,"vanillaplustools:stone_hammer":5,"minecraft:leather_boots":1,"vanillaplustools:stone_shovel":2},"minecraft:picked_up":{"spore:mutated_heart":3,"minecraft:lead":3,"minecraft:diamond_sword":1,"minecraft:potion":3,"minecraft:enchanted_book":4,"tombstone:grave_key":7,"minecraft:golden_sword":2,"minecraft:amethyst_block":127,"spore:innards":2,"minecraft:string":12,"minecraft:raw_copper":555,"minecraft:armor_stand":1,"securitycraft:reinforced_dirt":8,"comforts:sleeping_bag_black":12,"minecraft:cobbled_deepslate":1379,"minecraft:gold_nugget":8,"spore:infested_sand":14,"minecraft:calcite":45,"minecraft:iron_pickaxe":1,"fabledweaponry:greatsword_iron":3,"minecraft:furnace":4,"minecraft:stick":21,"minecraft:jukebox":1,"minecraft:torch":1,"minecraft:porkchop":48,"minecraft:golden_axe":2,"tombstone:grave_dust":13,"spore:biomass":8,"minecraft:diorite":214,"minecraft:rotten_flesh":7,"create:scoria":57,"create:veridium":128,"spore:gas_mask":1,"minecraft:cod":3,"minecraft:iron_bars":2,"minecraft:cobblestone":3249,"minecraft:birch_log":27,"minecraft:cooked_beef":10,"minecraft:feather":41,"minecraft:lilac":15,"minecraft:andesite":389,"minecraft:potato":4,"minecraft:flint":4,"minecraft:tuff":259,"create:raw_zinc":112,"fabledweaponry:longbow_leather":1,"minecraft:lapis_lazuli":559,"minecraft:dirt":1741,"minecraft:name_tag":1,"minecraft:leather_boots":2,"minecraft:glass":31,"minecraft:bone":41,"minecraft:stonecutter":1,"minecraft:bow":1,"minecraft:wheat_seeds":17,"minecraft:raw_gold":112,"comforts:sleeping_bag_pink":5,"minecraft:bamboo":6,"minecraft:stone_hoe":1,"minecraft:oak_planks":47,"spore:cerebrum":4,"minecraft:cooked_porkchop":6,"spore:armor_fragment":53,"minecraft:oak_pressure_plate":1,"minecraft:sand":523,"minecraft:grass_block":1,"minecraft:mossy_cobblestone":4,"sons_of_sins:flesh_of_demise":2,"spore:claw_fragment":50,"minecraft:diamond":18,"minecraft:granite":238,"minecraft:golden_apple":1,"minecraft:bread":6,"spore:spine_fragment":4,"minecraft:oak_sapling":29,"minecraft:crafting_table":8,"minecraft:chicken":22,"minecraft:leather_leggings":3,"minecraft:brown_mushroom":1,"minecraft:wooden_pickaxe":1,"minecraft:pink_wool":1,"minecraft:cooked_rabbit":1,"minecraft:flint_and_steel":1,"spore:infested_cobblestone":97,"minecraft:cracked_stone_bricks":6,"minecraft:beef":47,"minecraft:oak_boat":16,"minecraft:sugar_cane":16,"minecraft:chest":10,"minecraft:birch_sapling":2,"securitycraft:reinforced_cobblestone_stairs":34,"minecraft:egg":4,"minecraft:raw_iron":309,"securitycraft:reinforced_cobblestone":8,"minecraft:carrot":22,"minecraft:redstone":816,"spartanshields:stone_basic_shield":1,"minecraft:arrow":178,"minecraft:stone_shovel":1,"minecraft:gold_ingot":10,"spore:alveolic_sack":3,"spore:tendons":8,"minecraft:mutton":19,"minecraft:white_wool":12,"minecraft:lime_bed":9,"minecraft:salmon":7,"minecraft:leather":55,"minecraft:birch_planks":96,"minecraft:oak_log":6,"minecraft:gunpowder":81,"minecraft:cobblestone_stairs":245,"minecraft:apple":7,"minecraft:stone_bricks":1,"minecraft:kelp":14,"spore:mutated_fiber":72,"minecraft:iron_ingot":55,"minecraft:stone_pickaxe":2,"minecraft:cooked_chicken":9,"minecraft:cobweb":6,"tombstone:bag_of_seeds":1,"minecraft:dandelion":1,"minecraft:raw_iron_block":3,"minecraft:lava_bucket":1,"minecraft:gravel":16,"minecraft:amethyst_shard":32,"minecraft:white_bed":5,"minecraft:spruce_door":2,"minecraft:spider_eye":1,"minecraft:leather_helmet":2,"travelersbackpack:standard":2,"minecraft:pumpkin_seeds":6,"minecraft:stone_axe":3,"vanillaplustools:stone_hammer":1,"minecraft:coal":176,"minecraft:sunflower":4,"minecraft:ender_pearl":3},"minecraft:killed_by":{"minecraft:creeper":1,"spore:inf_human":2,"spore:inquisitor":2,"spore:inf_pillager":1,"spore:spitter":1,"siren_head:siren_head":1,"minecraft:vindicator":1,"spore:inf_player":2,"minecraft:zombie":1,"spore:wendigo":1,"minecraft:player":7,"spore:busser":4,"minecraft:spider":1,"spore:usurper":1,"spore:delusioner":1,"minecraft:skeleton":1,"minecraft:phantom":1},"minecraft:mined":{"create:deepslate_zinc_ore":40,"spore:infested_sand":17,"minecraft:white_bed":5,"spore:infested_cobblestone":23,"minecraft:granite":251,"minecraft:budding_amethyst":17,"minecraft:grass_block":273,"spore:fungal_stem":1,"comforts:sleeping_bag_black":1,"spore:mycelium_veins":15,"minecraft:iron_ore":135,"minecraft:deepslate_lapis_ore":15,"minecraft:small_amethyst_bud":5,"create:veridium":68,"minecraft:deepslate_redstone_ore":74,"minecraft:medium_amethyst_bud":2,"minecraft:amethyst_cluster":4,"spore:growths_big":1,"minecraft:torch":1,"minecraft:calcite":44,"minecraft:chest":10,"create:scoria":95,"minecraft:cobblestone":44,"minecraft:amethyst_block":109,"minecraft:deepslate_copper_ore":19,"minecraft:seagrass":2,"minecraft:birch_log":18,"minecraft:lilac":2,"minecraft:grass":54,"minecraft:oak_log":6,"minecraft:sand":9,"minecraft:dirt":1353,"minecraft:smooth_basalt":12,"minecraft:stonecutter":1,"minecraft:oak_leaves":6,"minecraft:deepslate":1500,"spore:remains":2,"create:zinc_ore":11,"minecraft:tuff":237,"spore:wall_growths_big":4,"minecraft:deepslate_diamond_ore":9,"minecraft:glow_lichen":3,"spore:rotten_bush":2,"minecraft:kelp":6,"spore:growths_small":2,"minecraft:furnace":3,"spore:blomfung":1,"minecraft:andesite":450,"minecraft:deepslate_iron_ore":57,"minecraft:stone":2682,"minecraft:dandelion":1,"travelersbackpack:standard":1,"minecraft:crafting_table":7,"minecraft:tall_grass":18,"minecraft:copper_ore":65,"minecraft:lapis_ore":23,"minecraft:deepslate_gold_ore":28,"minecraft:diorite":343,"minecraft:lime_bed":8,"minecraft:birch_leaves":5,"spore:fungal_stem_top":1,"minecraft:coal_ore":68,"minecraft:mycelium":1,"minecraft:sunflower":2,"minecraft:gravel":15},"minecraft:killed":{"minecraft:spider":6,"minecraft:skeleton":10,"minecraft:chicken":22,"spore:spitter":1,"minecraft:pig":20,"spore:inf_player":2,"minecraft:salmon":6,"spore:inf_drowned":2,"minecraft:creeper":7,"minecraft:sheep":12,"spore:inf_villager":3,"minecraft:zombie":9,"spore:inf_human":5,"spore:wendigo":1,"spore:knight":2,"minecraft:cow":26,"minecraft:drowned":1,"spore:inf_pillager":6,"spore:brot":1,"sons_of_sins:betrayed_guzzler":1,"spore:busser":1},"minecraft:custom":{"minecraft:interact_with_crafting_table":61,"minecraft:leave_game":7,"minecraft:time_since_death":35540,"minecraft:sprint_one_cm":824284,"minecraft:damage_blocked_by_shield":920,"minecraft:drop":322,"minecraft:play_time":632223,"minecraft:deaths":35,"minecraft:jump":11715,"minecraft:walk_on_water_one_cm":203636,"minecraft:interact_with_furnace":160,"minecraft:sleep_in_bed":25,"tombstone:sneak_grave":1,"minecraft:damage_dealt":16948,"minecraft:player_kills":1,"minecraft:crouch_one_cm":87348,"tombstone:undead_killed":20,"minecraft:interact_with_smithing_table":6,"minecraft:mob_kills":145,"minecraft:climb_one_cm":6908,"minecraft:walk_one_cm":1701275,"minecraft:sneak_time":23887,"minecraft:walk_under_water_one_cm":192587,"minecraft:boat_one_cm":407742,"minecraft:total_world_time":632223,"spartanshields:shield_bash_hits":3,"minecraft:interact_with_stonecutter":3,"minecraft:time_since_rest":32314,"minecraft:damage_taken":19829,"minecraft:swim_one_cm":671270,"minecraft:fly_one_cm":1802318,"minecraft:open_chest":437,"minecraft:fall_one_cm":273193},"minecraft:used":{"fabledweaponry:waraxe_iron":1,"minecraft:chest":10,"minecraft:mutton":10,"minecraft:bow":7,"minecraft:furnace":4,"minecraft:egg":2,"minecraft:ender_pearl":1,"minecraft:stone_pickaxe":58,"minecraft:oak_planks":2,"minecraft:wooden_pickaxe":21,"fabledweaponry:maul_iron":47,"minecraft:white_wool":6,"minecraft:sand":1,"fabledweaponry:greatsword_iron":238,"spartanshields:stone_basic_shield":18,"minecraft:diamond_sword":46,"minecraft:smithing_table":1,"minecraft:andesite":1,"minecraft:oak_boat":10,"minecraft:armor_stand":1,"vanillaplustools:stone_hammer":655,"minecraft:cooked_chicken":20,"minecraft:torch":29,"minecraft:dirt":16,"minecraft:granite":9,"minecraft:beef":5,"tombstone:gift":9,"minecraft:cooked_beef":14,"minecraft:cooked_mutton":6,"comforts:sleeping_bag_black":9,"minecraft:stonecutter":1,"minecraft:salmon":7,"minecraft:crafting_table":9,"minecraft:lime_bed":8,"minecraft:white_bed":5,"vanillaplustools:stone_shovel":264,"minecraft:cod":2,"tombstone:bag_of_seeds":2,"minecraft:sunflower":3,"minecraft:iron_pickaxe":486,"minecraft:leather_helmet":1,"minecraft:stone_axe":63,"travelersbackpack:standard":23,"minecraft:cobblestone":973,"vanillaplustools:iron_hammer":121,"minecraft:cooked_porkchop":10,"minecraft:porkchop":3,"minecraft:bucket":2,"fabledweaponry:longbow_leather":130},"minecraft:dropped":{"minecraft:brown_mushroom":1,"minecraft:birch_planks":16,"minecraft:lapis_lazuli":40,"minecraft:oak_pressure_plate":1,"minecraft:diamond":3,"minecraft:cooked_porkchop":17,"minecraft:leather":5,"minecraft:cracked_stone_bricks":6,"minecraft:leather_helmet":1,"minecraft:cobblestone_stairs":4,"minecraft:flint":11,"minecraft:dirt":1723,"spore:infested_cobblestone":15,"minecraft:sunflower":1,"minecraft:sand":9,"securitycraft:reinforced_dirt":4,"minecraft:iron_pickaxe":2,"sons_of_sins:flesh_of_demise":1,"minecraft:bone":4,"spore:infested_sand":12,"minecraft:gravel":15,"minecraft:cooked_chicken":8,"minecraft:cobbled_deepslate":785,"minecraft:rotten_flesh":4,"minecraft:oak_planks":155,"minecraft:cooked_mutton":2,"minecraft:gunpowder":1,"create:scoria":57,"vanillaplustools:stone_hammer":1,"minecraft:leather_leggings":1,"minecraft:iron_bars":2,"minecraft:arrow":58,"comforts:sleeping_bag_black":2,"comforts:sleeping_bag_pink":4,"minecraft:wheat_seeds":2,"minecraft:lilac":9,"minecraft:golden_axe":1,"minecraft:feather":8,"minecraft:cobblestone":1980,"minecraft:apple":5,"minecraft:granite":193,"minecraft:spruce_door":1,"minecraft:golden_apple":1,"minecraft:coal":23,"minecraft:stick":6,"minecraft:diorite":208,"fabledweaponry:greatsword_iron":2,"tombstone:grave_key":12,"minecraft:cooked_salmon":3,"tombstone:grave_dust":4,"minecraft:potion":3,"minecraft:string":3,"create:raw_zinc":3,"minecraft:furnace":1,"minecraft:kelp":6,"minecraft:tuff":196,"spore:mutated_fiber":9,"minecraft:diamond_sword":1,"minecraft:andesite":333,"minecraft:oak_boat":1,"minecraft:oak_sapling":4,"minecraft:stone_bricks":1,"minecraft:wooden_pickaxe":2,"minecraft:stone_pickaxe":2,"minecraft:calcite":45,"minecraft:cooked_rabbit":1},"minecraft:crafted":{"minecraft:oak_planks":24,"minecraft:cooked_chicken":22,"minecraft:cooked_mutton":5,"minecraft:glass":65,"vanillaplustools:iron_hammer":1,"minecraft:iron_boots":1,"minecraft:chest":1,"vanillaplustools:stone_shovel":2,"travelersbackpack:iron_tier_upgrade":4,"minecraft:cooked_porkchop":33,"minecraft:crafting_table":3,"minecraft:iron_helmet":1,"minecraft:smithing_table":1,"minecraft:copper_ingot":68,"minecraft:birch_planks":68,"minecraft:iron_chestplate":1,"minecraft:stick":148,"minecraft:iron_ingot":228,"minecraft:iron_pickaxe":11,"minecraft:iron_block":2,"minecraft:stone_shovel":18,"vanillaplustools:stone_hammer":5,"minecraft:furnace":1,"travelersbackpack:blank_upgrade":4,"minecraft:stone_pickaxe":46,"minecraft:cooked_beef":24,"paraglider:paraglider":1,"fabledweaponry:maul_iron":1,"travelersbackpack:backpack_tank":2,"minecraft:bucket":2,"minecraft:stone_axe":1,"minecraft:air":0,"minecraft:iron_leggings":1,"minecraft:torch":116}},"DataVersion":3465}