{"stats":{"minecraft:dropped":{"tombstone:grave_key":1,"tombstone:grave_dust":2,"minecraft:sunflower":1,"minecraft:string":2},"minecraft:killed_by":{"minecraft:player":2,"minecraft:phantom":1,"siren_head:siren_head":1},"minecraft:used":{"minecraft:sunflower":3,"minecraft:white_wool":6,"minecraft:diamond_sword":43,"minecraft:mutton":7,"tombstone:gift":2},"minecraft:mined":{"minecraft:grass":5,"minecraft:sunflower":2,"minecraft:sand":1,"minecraft:tall_grass":4,"minecraft:oak_leaves":3},"minecraft:custom":{"minecraft:time_since_rest":8551,"minecraft:sprint_one_cm":38036,"minecraft:damage_taken":6290,"minecraft:walk_one_cm":74067,"minecraft:mob_kills":14,"minecraft:drop":6,"minecraft:damage_dealt":1766,"minecraft:swim_one_cm":1911,"minecraft:fly_one_cm":91070,"minecraft:open_chest":9,"minecraft:crouch_one_cm":49,"minecraft:play_time":22371,"tombstone:undead_killed":2,"minecraft:deaths":4,"minecraft:sneak_time":12,"minecraft:walk_under_water_one_cm":8235,"minecraft:boat_one_cm":66185,"minecraft:jump":484,"minecraft:leave_game":3,"minecraft:walk_on_water_one_cm":14017,"minecraft:time_since_death":9326,"minecraft:sleep_in_bed":2,"minecraft:total_world_time":22371,"minecraft:fall_one_cm":13789},"minecraft:killed":{"minecraft:sheep":10,"minecraft:skeleton":2,"minecraft:spider":1,"minecraft:creeper":1},"minecraft:picked_up":{"minecraft:diamond_sword":1,"minecraft:sand":1,"tombstone:grave_dust":1,"minecraft:gunpowder":1,"minecraft:dirt":1,"minecraft:string":3,"minecraft:bone":4,"minecraft:arrow":3,"minecraft:wheat_seeds":1,"minecraft:mutton":16,"minecraft:white_wool":11,"minecraft:sunflower":4}},"DataVersion":3465}