{"stats":{"minecraft:broken":{"minecraft:chainmail_boots":1,"minecraft:stone_pickaxe":2,"spartanshields:stone_basic_shield":1,"securitycraft:universal_block_reinforcer_lvl1":5,"minecraft:chainmail_leggings":1,"minecraft:leather_chestplate":1,"vanillaplustools:stone_hammer":4,"minecraft:iron_pickaxe":1,"vanillaplustools:stone_shovel":2},"minecraft:picked_up":{"spore:mutated_heart":3,"travelersbackpack:bat":3,"minecraft:redstone_block":2,"minecraft:flower_pot":1,"minecraft:diamond_sword":1,"minecraft:oak_stairs":6,"tombstone:grave_key":1,"minecraft:brewing_stand":2,"minecraft:string":4,"minecraft:raw_copper":8,"minecraft:oak_hanging_sign":1,"securitycraft:reinforced_dirt":1,"vanillaplustools:stone_shovel":1,"minecraft:cobbled_deepslate":357,"minecraft:rose_bush":1,"spore:infested_sand":15,"minecraft:azalea":1,"fabledweaponry:greatsword_iron":2,"minecraft:furnace":3,"minecraft:golden_helmet":1,"minecraft:stick":25,"minecraft:jukebox":1,"minecraft:oak_fence":1,"minecraft:torch":37,"travelersbackpack:iron_tier_upgrade":1,"minecraft:porkchop":1,"tombstone:grave_dust":10,"minecraft:diorite":4,"minecraft:quartz_block":31,"minecraft:rotten_flesh":15,"minecraft:tropical_fish":1,"minecraft:red_tulip":1,"create:veridium":1,"minecraft:iron_bars":8,"minecraft:cobblestone":3236,"minecraft:birch_log":12,"minecraft:cooked_beef":5,"minecraft:feather":9,"minecraft:andesite":21,"paraglider:spirit_orb":8,"minecraft:tuff":73,"create:raw_zinc":27,"fabledweaponry:longbow_leather":1,"travelersbackpack:gold_tier_upgrade":1,"minecraft:gray_concrete":1,"minecraft:lapis_lazuli":111,"minecraft:dirt":1552,"minecraft:name_tag":1,"minecraft:bone":32,"minecraft:bow":2,"minecraft:wheat_seeds":10,"minecraft:raw_gold":50,"comforts:sleeping_bag_pink":20,"minecraft:dark_oak_sign":5,"minecraft:mossy_stone_bricks":2,"minecraft:oak_planks":139,"spore:cerebrum":2,"minecraft:cooked_porkchop":41,"spore:armor_fragment":8,"minecraft:sand":12,"minecraft:dark_oak_log":9,"sons_of_sins:flesh_of_demise":1,"securitycraft:universal_block_remover":4,"spore:claw_fragment":8,"minecraft:diamond":13,"minecraft:granite":4,"minecraft:golden_apple":6,"minecraft:bread":19,"minecraft:oak_sapling":21,"minecraft:bricks":1,"minecraft:crafting_table":4,"minecraft:azure_bluet":1,"minecraft:chicken":2,"minecraft:redstone_lamp":1,"minecraft:brown_mushroom":4,"minecraft:cooked_rabbit":1,"minecraft:shield":1,"minecraft:cornflower":1,"minecraft:red_bed":1,"minecraft:moss_carpet":11,"spore:infested_cobblestone":4,"minecraft:cracked_stone_bricks":3,"minecraft:beef":17,"minecraft:sugar_cane":5,"minecraft:light_gray_wool":1,"minecraft:tinted_glass":1,"minecraft:chest":5,"minecraft:egg":2,"minecraft:raw_iron":170,"securitycraft:reinforced_cobblestone":15,"spore:wing_membrane":1,"minecraft:copper_ingot":1,"minecraft:carrot":12,"minecraft:redstone":271,"minecraft:dark_oak_planks":6,"minecraft:arrow":18,"minecraft:stone_shovel":1,"minecraft:peony":1,"minecraft:hay_block":2,"spore:tendons":6,"minecraft:mutton":12,"minecraft:white_wool":23,"spore:altered_spleen":2,"minecraft:salmon":8,"minecraft:leather":15,"minecraft:birch_planks":2,"minecraft:oak_log":171,"minecraft:gunpowder":3,"minecraft:cobblestone_stairs":96,"minecraft:cooked_mutton":20,"minecraft:stone_bricks":3,"minecraft:iron_ingot":64,"minecraft:stone_pickaxe":3,"minecraft:cooked_chicken":8,"securitycraft:universal_block_reinforcer_lvl1":6,"spore:mutated_fiber":36,"tombstone:bag_of_seeds":1,"minecraft:flowering_azalea":2,"minecraft:milk_bucket":2,"minecraft:raw_iron_block":3,"minecraft:gravel":1,"minecraft:spider_eye":1,"travelersbackpack:standard":3,"minecraft:stone_axe":1,"vanillaplustools:stone_hammer":1,"tombstone:magic_scroll":1,"minecraft:coal":109,"minecraft:ender_pearl":1},"minecraft:killed_by":{"spore:volatile":1,"spore:inf_human":2,"spore:inf_pillager":1,"minecraft:vindicator":2,"spore:inf_player":10,"spore:wendigo":1,"spore:leaper":1,"minecraft:vex":1,"spore:inf_hazmat":1,"minecraft:player":5,"spore:busser":4,"spore:usurper":1,"spore:plagued":1,"spore:delusioner":1,"spore:wave":1},"minecraft:mined":{"minecraft:dark_oak_planks":7,"spore:fungal_roots":1,"create:deepslate_zinc_ore":14,"spore:infested_sand":4,"spore:wall_growths":1,"minecraft:cobblestone_stairs":100,"minecraft:brewing_stand":2,"minecraft:light_blue_carpet":1,"minecraft:granite":4,"minecraft:grass_block":567,"spore:fungal_stem":2,"minecraft:spawner":10,"spore:mycelium_veins":3,"minecraft:tall_seagrass":1,"minecraft:raw_iron_block":3,"minecraft:iron_ore":95,"minecraft:deepslate_lapis_ore":17,"spore:growth_mycelium":2,"minecraft:cave_vines":1,"minecraft:iron_bars":8,"travelersbackpack:black_sleeping_bag":1,"create:veridium":1,"create:limestone":4,"minecraft:deepslate_redstone_ore":48,"minecraft:quartz_block":3,"spore:vent_door":1,"spore:growths_big":3,"minecraft:torch":16,"minecraft:chest":4,"minecraft:cobblestone":556,"minecraft:bricks":1,"minecraft:wall_torch":10,"minecraft:repeater":1,"minecraft:tinted_glass":9,"minecraft:birch_log":12,"minecraft:jukebox":1,"minecraft:grass":20,"minecraft:oak_log":161,"minecraft:sand":8,"minecraft:dirt":1123,"spore:hanging_fungal_stem":2,"minecraft:oak_leaves":19,"minecraft:deepslate":420,"spore:remains":4,"minecraft:redstone_lamp":1,"create:zinc_ore":10,"minecraft:tuff":58,"spore:wall_growths_big":6,"minecraft:deepslate_diamond_ore":13,"minecraft:dark_oak_log":10,"minecraft:dark_oak_pressure_plate":1,"spore:rotten_bush":1,"spore:growths_small":1,"minecraft:hay_block":2,"minecraft:redstone_ore":12,"minecraft:furnace":2,"minecraft:carrots":3,"spore:blomfung":10,"minecraft:andesite":29,"minecraft:peony":1,"minecraft:deepslate_iron_ore":77,"minecraft:stone":2660,"minecraft:white_wool":5,"minecraft:redstone_block":2,"minecraft:glass_pane":2,"travelersbackpack:standard":2,"minecraft:crafting_table":5,"minecraft:rose_bush":1,"minecraft:tall_grass":6,"minecraft:copper_ore":2,"minecraft:deepslate_gold_ore":48,"minecraft:diorite":5,"minecraft:birch_planks":2,"spore:bloomfung2":13,"minecraft:birch_leaves":2,"spore:fungal_stem_top":1,"minecraft:coal_ore":110,"minecraft:gravel":1,"minecraft:cobweb":1,"minecraft:cracked_stone_bricks":1,"minecraft:stone_bricks":1,"minecraft:gold_ore":2},"minecraft:killed":{"spore:inf_hazmat":5,"minecraft:cave_spider":3,"minecraft:spider":6,"minecraft:skeleton":16,"minecraft:chicken":2,"spore:delusioner":1,"minecraft:tropical_fish":1,"minecraft:pig":17,"spore:inf_player":3,"minecraft:salmon":8,"spore:inf_drowned":2,"minecraft:creeper":6,"minecraft:sheep":17,"spore:mound":2,"spore:inf_human":2,"minecraft:zombie":14,"minecraft:cow":8,"spore:jagd":1,"minecraft:drowned":1,"spore:inf_pillager":3,"spore:inf_husk":1},"minecraft:custom":{"minecraft:interact_with_crafting_table":97,"minecraft:open_barrel":1,"minecraft:leave_game":7,"minecraft:time_since_death":19451,"minecraft:sprint_one_cm":1355768,"minecraft:damage_blocked_by_shield":1596,"minecraft:drop":153,"minecraft:play_time":663512,"minecraft:deaths":40,"minecraft:jump":11373,"minecraft:walk_on_water_one_cm":186096,"minecraft:interact_with_furnace":136,"minecraft:traded_with_villager":1,"minecraft:sleep_in_bed":27,"minecraft:damage_dealt":20093,"minecraft:player_kills":5,"minecraft:crouch_one_cm":89448,"tombstone:undead_killed":31,"minecraft:horse_one_cm":3161,"minecraft:interact_with_smithing_table":1,"minecraft:mob_kills":121,"minecraft:damage_dealt_resisted":132,"minecraft:climb_one_cm":5506,"minecraft:walk_one_cm":1606693,"minecraft:damage_dealt_absorbed":39,"minecraft:sneak_time":20421,"minecraft:walk_under_water_one_cm":316992,"minecraft:boat_one_cm":211116,"minecraft:total_world_time":663512,"spartanshields:shield_bash_hits":8,"minecraft:interact_with_stonecutter":1,"minecraft:time_since_rest":19204,"minecraft:damage_taken":18504,"minecraft:damage_absorbed":52,"minecraft:swim_one_cm":633664,"minecraft:fly_one_cm":2618521,"minecraft:open_chest":384,"minecraft:fall_one_cm":239188},"minecraft:used":{"minecraft:chest":12,"minecraft:carrot":3,"minecraft:bricks":1,"minecraft:golden_sword":30,"minecraft:hay_block":1,"minecraft:furnace":6,"minecraft:egg":2,"minecraft:stone_pickaxe":303,"minecraft:wooden_pickaxe":33,"minecraft:golden_apple":1,"securitycraft:universal_block_remover":59,"fabledweaponry:greatsword_iron":209,"minecraft:bread":7,"spartanshields:stone_basic_shield":31,"tombstone:grave_key":1,"minecraft:diamond_sword":339,"minecraft:andesite":3,"minecraft:oak_boat":3,"vanillaplustools:stone_hammer":482,"minecraft:cooked_salmon":6,"comforts:sleeping_bag_pink":20,"minecraft:cooked_chicken":2,"travelersbackpack:bat":5,"minecraft:torch":139,"minecraft:dirt":223,"minecraft:dark_oak_planks":18,"spore:infested_cobblestone":2,"tombstone:gift":6,"minecraft:cooked_beef":6,"minecraft:cobbled_deepslate":9,"minecraft:cooked_mutton":8,"minecraft:water_bucket":90,"minecraft:cobblestone_stairs":119,"minecraft:birch_planks":2,"minecraft:stonecutter":1,"spore:infested_sand":3,"minecraft:crafting_table":7,"minecraft:red_bed":1,"vanillaplustools:stone_shovel":264,"minecraft:white_bed":2,"minecraft:iron_pickaxe":451,"minecraft:stone_axe":188,"minecraft:cobblestone":1887,"travelersbackpack:standard":4,"minecraft:cooked_porkchop":47,"minecraft:bucket":90,"fabledweaponry:longbow_leather":39},"minecraft:dropped":{"minecraft:brown_mushroom":4,"minecraft:ender_pearl":2,"minecraft:diamond":2,"minecraft:cooked_porkchop":1,"minecraft:leather":2,"minecraft:dirt":1024,"spore:infested_cobblestone":2,"minecraft:redstone_lamp":1,"minecraft:dark_oak_log":2,"minecraft:cornflower":1,"securitycraft:reinforced_dirt":1,"minecraft:bone":1,"spore:infested_sand":12,"minecraft:stone_axe":1,"vanillaplustools:stone_shovel":1,"minecraft:rotten_flesh":2,"minecraft:oak_planks":137,"travelersbackpack:bat":2,"minecraft:cooked_mutton":1,"minecraft:azalea":1,"minecraft:arrow":1,"minecraft:wheat_seeds":6,"minecraft:feather":2,"minecraft:cobblestone":16,"minecraft:granite":3,"minecraft:tropical_fish":1,"minecraft:stick":7,"tombstone:magic_scroll":1,"fabledweaponry:greatsword_iron":1,"tombstone:grave_key":1,"minecraft:cooked_salmon":1,"minecraft:flowering_azalea":2,"minecraft:string":3,"fabledweaponry:longbow_leather":1,"minecraft:moss_carpet":11,"minecraft:dark_oak_sign":2,"minecraft:tuff":15,"minecraft:stone_shovel":3,"spore:mutated_fiber":3,"securitycraft:universal_block_remover":4,"create:veridium":1,"minecraft:oak_sapling":6,"minecraft:stone_bricks":1,"minecraft:bow":1,"minecraft:stone_pickaxe":2,"securitycraft:universal_block_reinforcer_lvl1":1,"minecraft:cooked_rabbit":2},"minecraft:crafted":{"minecraft:oak_planks":684,"minecraft:cooked_chicken":2,"minecraft:stone":3,"minecraft:iron_boots":1,"tombstone:grave_key":1,"minecraft:chest":9,"vanillaplustools:stone_shovel":2,"minecraft:cooked_porkchop":10,"minecraft:crafting_table":4,"minecraft:wooden_pickaxe":1,"minecraft:iron_helmet":1,"minecraft:copper_ingot":32,"minecraft:birch_planks":48,"minecraft:iron_chestplate":1,"minecraft:stick":204,"minecraft:iron_ingot":102,"minecraft:iron_pickaxe":1,"minecraft:gold_ingot":14,"minecraft:stone_shovel":23,"vanillaplustools:stone_hammer":3,"minecraft:furnace":4,"travelersbackpack:blank_upgrade":4,"travelersbackpack:gold_tier_upgrade":1,"minecraft:ender_pearl":2,"minecraft:stone_pickaxe":28,"minecraft:dark_oak_planks":28,"minecraft:cooked_beef":1,"travelersbackpack:backpack_tank":2,"minecraft:cooked_salmon":4,"minecraft:bucket":1,"minecraft:stone_axe":1,"minecraft:air":0,"minecraft:oak_boat":3,"minecraft:iron_leggings":1,"minecraft:stonecutter":1,"minecraft:white_bed":2,"minecraft:torch":68}},"DataVersion":3465}