{"stats":{"minecraft:crafted":{"minecraft:crafting_table":1,"minecraft:oak_planks":20},"minecraft:mined":{"minecraft:oak_log":5,"minecraft:oak_leaves":1},"minecraft:custom":{"minecraft:jump":14,"minecraft:crouch_one_cm":69,"minecraft:time_since_rest":2533,"minecraft:damage_dealt":20,"minecraft:damage_taken":10,"minecraft:leave_game":2,"minecraft:time_since_death":2533,"minecraft:play_time":2533,"minecraft:sprint_one_cm":1134,"minecraft:walk_one_cm":11599,"minecraft:sneak_time":5,"minecraft:total_world_time":2533,"minecraft:fly_one_cm":839},"minecraft:picked_up":{"minecraft:stick":1,"minecraft:oak_log":5}},"DataVersion":3465}