{"stats":{"minecraft:dropped":{"minecraft:cooked_porkchop":1,"minecraft:feather":2,"minecraft:oak_planks":128,"spore:mutated_fiber":3,"minecraft:cooked_mutton":1,"fabledweaponry:greatsword_iron":1,"minecraft:oak_sapling":1,"minecraft:cooked_salmon":1,"minecraft:stone_bricks":1,"minecraft:stone_pickaxe":2,"minecraft:string":1},"minecraft:killed_by":{"spore:inf_player":4,"spore:busser":1,"spore:usurper":1,"spore:delusioner":1},"minecraft:used":{"minecraft:cooked_mutton":6,"minecraft:cobblestone_stairs":119,"minecraft:stone_pickaxe":303,"minecraft:stonecutter":1,"minecraft:chest":8,"minecraft:wooden_pickaxe":33,"vanillaplustools:stone_hammer":131,"minecraft:cooked_salmon":6,"comforts:sleeping_bag_pink":11,"minecraft:cooked_chicken":2,"minecraft:torch":19,"minecraft:dirt":24,"minecraft:crafting_table":5,"minecraft:white_bed":2,"fabledweaponry:greatsword_iron":48,"minecraft:bricks":1,"spartanshields:stone_basic_shield":13,"tombstone:grave_key":1,"minecraft:stone_axe":146,"minecraft:golden_sword":16,"minecraft:diamond_sword":62,"minecraft:cobblestone":1083,"minecraft:hay_block":1,"travelersbackpack:standard":4,"minecraft:furnace":5,"minecraft:cooked_porkchop":7,"tombstone:gift":3,"minecraft:oak_boat":3,"fabledweaponry:longbow_leather":13},"minecraft:crafted":{"minecraft:cooked_beef":1,"minecraft:oak_planks":600,"vanillaplustools:stone_hammer":1,"minecraft:cooked_porkchop":7,"minecraft:crafting_table":3,"minecraft:wooden_pickaxe":1,"minecraft:cooked_chicken":2,"minecraft:furnace":3,"minecraft:cooked_salmon":4,"minecraft:stone":3,"minecraft:stone_axe":1,"minecraft:air":0,"minecraft:oak_boat":3,"tombstone:grave_key":1,"minecraft:stick":24,"minecraft:iron_ingot":6,"minecraft:stonecutter":1,"minecraft:stone_pickaxe":10,"minecraft:chest":6,"minecraft:white_bed":2},"minecraft:mined":{"spore:wall_growths_big":1,"minecraft:cobblestone_stairs":41,"minecraft:torch":6,"minecraft:crafting_table":4,"minecraft:light_blue_carpet":1,"travelersbackpack:standard":2,"minecraft:brewing_stand":1,"minecraft:granite":1,"minecraft:grass_block":14,"minecraft:chest":2,"minecraft:cobblestone":202,"minecraft:tall_grass":2,"minecraft:bricks":1,"minecraft:diorite":1,"minecraft:wall_torch":2,"minecraft:spawner":3,"minecraft:hay_block":2,"minecraft:tall_seagrass":1,"minecraft:furnace":2,"minecraft:iron_ore":3,"minecraft:jukebox":1,"minecraft:andesite":8,"minecraft:grass":10,"minecraft:oak_log":140,"minecraft:coal_ore":77,"minecraft:iron_bars":2,"minecraft:sand":5,"minecraft:dirt":30,"minecraft:cracked_stone_bricks":1,"minecraft:stone":1113,"minecraft:stone_bricks":1,"minecraft:oak_leaves":16},"minecraft:custom":{"minecraft:interact_with_furnace":66,"spartanshields:shield_bash_hits":4,"minecraft:mob_kills":37,"minecraft:interact_with_crafting_table":43,"minecraft:damage_dealt_resisted":126,"minecraft:interact_with_stonecutter":1,"minecraft:leave_game":3,"minecraft:time_since_death":6365,"minecraft:sleep_in_bed":12,"minecraft:time_since_rest":3966,"minecraft:sprint_one_cm":289122,"minecraft:damage_taken":3105,"minecraft:walk_one_cm":562460,"minecraft:damage_blocked_by_shield":620,"minecraft:drop":14,"minecraft:damage_dealt":4578,"minecraft:damage_dealt_absorbed":39,"minecraft:swim_one_cm":80837,"minecraft:fly_one_cm":556626,"minecraft:player_kills":1,"minecraft:open_chest":113,"tombstone:undead_killed":6,"minecraft:crouch_one_cm":52208,"minecraft:play_time":231290,"minecraft:deaths":8,"minecraft:sneak_time":13186,"minecraft:walk_under_water_one_cm":60326,"minecraft:boat_one_cm":145188,"minecraft:jump":2859,"minecraft:walk_on_water_one_cm":39257,"minecraft:total_world_time":231290,"minecraft:fall_one_cm":40872},"minecraft:killed":{"minecraft:pig":12,"minecraft:salmon":8,"minecraft:spider":3,"minecraft:creeper":2,"minecraft:skeleton":4,"minecraft:sheep":3,"spore:mound":1,"minecraft:zombie":2,"minecraft:chicken":2},"minecraft:picked_up":{"minecraft:crafting_table":4,"minecraft:feather":2,"minecraft:chicken":2,"minecraft:salmon":8,"minecraft:diamond_sword":1,"minecraft:oak_stairs":6,"minecraft:gunpowder":2,"minecraft:cobblestone_stairs":36,"minecraft:oak_log":150,"minecraft:brewing_stand":1,"minecraft:string":1,"minecraft:dirt":45,"minecraft:cooked_mutton":7,"minecraft:bone":9,"minecraft:stone_bricks":3,"minecraft:cracked_stone_bricks":3,"minecraft:wheat_seeds":3,"comforts:sleeping_bag_pink":11,"minecraft:stone_pickaxe":3,"spore:mutated_fiber":6,"minecraft:mossy_stone_bricks":2,"minecraft:light_gray_wool":1,"fabledweaponry:greatsword_iron":2,"minecraft:chest":2,"minecraft:oak_planks":130,"minecraft:furnace":2,"minecraft:raw_iron":3,"minecraft:stick":11,"minecraft:jukebox":1,"minecraft:cooked_porkchop":30,"minecraft:torch":9,"spore:armor_fragment":8,"minecraft:porkchop":1,"minecraft:sand":4,"tombstone:grave_dust":2,"spore:claw_fragment":8,"minecraft:arrow":4,"travelersbackpack:standard":2,"minecraft:rotten_flesh":4,"minecraft:hay_block":2,"minecraft:granite":1,"minecraft:golden_apple":2,"minecraft:oak_sapling":16,"minecraft:iron_bars":2,"minecraft:bricks":1,"minecraft:coal":78,"minecraft:white_wool":3,"minecraft:cobblestone":1251},"minecraft:broken":{"minecraft:stone_pickaxe":2,"vanillaplustools:stone_hammer":1}},"DataVersion":3465}