{"stats":{"minecraft:dropped":{"minecraft:wheat_seeds":2,"minecraft:ender_pearl":2,"minecraft:diamond":2,"minecraft:cooked_porkchop":1,"minecraft:feather":2,"minecraft:cobblestone":16,"minecraft:stick":7,"minecraft:dirt":1024,"spore:infested_cobblestone":2,"fabledweaponry:greatsword_iron":1,"tombstone:grave_key":1,"minecraft:cooked_salmon":1,"securitycraft:reinforced_dirt":1,"minecraft:string":1,"fabledweaponry:longbow_leather":1,"spore:infested_sand":12,"minecraft:stone_axe":1,"vanillaplustools:stone_shovel":1,"minecraft:tuff":15,"minecraft:oak_planks":137,"spore:mutated_fiber":3,"minecraft:cooked_mutton":1,"securitycraft:universal_block_remover":4,"create:veridium":1,"minecraft:oak_sapling":1,"minecraft:stone_bricks":1,"minecraft:stone_pickaxe":2,"securitycraft:universal_block_reinforcer_lvl1":1,"minecraft:cooked_rabbit":1},"minecraft:used":{"minecraft:chest":8,"vanillaplustools:stone_hammer":302,"minecraft:cooked_salmon":6,"comforts:sleeping_bag_pink":14,"minecraft:cooked_chicken":2,"minecraft:torch":106,"minecraft:dirt":200,"minecraft:carrot":3,"minecraft:bricks":1,"spore:infested_cobblestone":2,"minecraft:golden_sword":30,"minecraft:hay_block":1,"minecraft:furnace":5,"tombstone:gift":4,"minecraft:egg":1,"minecraft:cooked_mutton":6,"minecraft:water_bucket":57,"minecraft:cobblestone_stairs":119,"minecraft:stone_pickaxe":303,"minecraft:wooden_pickaxe":33,"minecraft:stonecutter":1,"spore:infested_sand":3,"minecraft:crafting_table":6,"vanillaplustools:stone_shovel":264,"securitycraft:universal_block_remover":59,"minecraft:white_bed":2,"fabledweaponry:greatsword_iron":104,"spartanshields:stone_basic_shield":14,"minecraft:iron_pickaxe":349,"tombstone:grave_key":1,"minecraft:stone_axe":171,"minecraft:diamond_sword":95,"minecraft:cobblestone":1254,"travelersbackpack:standard":4,"minecraft:cooked_porkchop":12,"minecraft:bucket":58,"minecraft:oak_boat":3,"fabledweaponry:longbow_leather":33},"minecraft:killed":{"minecraft:spider":3,"minecraft:skeleton":4,"minecraft:chicken":2,"spore:delusioner":1,"minecraft:pig":17,"spore:inf_player":1,"minecraft:salmon":8,"minecraft:creeper":2,"minecraft:sheep":17,"spore:mound":2,"minecraft:zombie":2},"minecraft:custom":{"minecraft:mob_kills":60,"minecraft:interact_with_crafting_table":64,"minecraft:damage_dealt_resisted":126,"minecraft:leave_game":4,"minecraft:time_since_death":2652,"minecraft:sprint_one_cm":736320,"minecraft:walk_one_cm":1034213,"minecraft:damage_blocked_by_shield":646,"minecraft:drop":107,"minecraft:damage_dealt_absorbed":39,"minecraft:play_time":451320,"minecraft:deaths":18,"minecraft:sneak_time":15585,"minecraft:walk_under_water_one_cm":251044,"minecraft:boat_one_cm":211116,"minecraft:jump":7017,"minecraft:walk_on_water_one_cm":117562,"minecraft:total_world_time":451320,"minecraft:interact_with_furnace":101,"spartanshields:shield_bash_hits":4,"minecraft:traded_with_villager":1,"minecraft:interact_with_stonecutter":1,"minecraft:sleep_in_bed":18,"minecraft:time_since_rest":2409,"minecraft:damage_taken":9021,"minecraft:damage_dealt":7855,"minecraft:swim_one_cm":322813,"minecraft:fly_one_cm":1437292,"minecraft:player_kills":5,"minecraft:open_chest":220,"minecraft:crouch_one_cm":58000,"tombstone:undead_killed":6,"minecraft:fall_one_cm":150516},"minecraft:killed_by":{"minecraft:player":3,"spore:busser":1,"spore:usurper":1,"spore:delusioner":1,"spore:inf_player":5,"spore:leaper":1},"minecraft:crafted":{"minecraft:oak_planks":640,"minecraft:stone_shovel":23,"vanillaplustools:stone_hammer":3,"minecraft:cooked_chicken":2,"minecraft:furnace":3,"minecraft:stone":3,"tombstone:grave_key":1,"minecraft:ender_pearl":2,"minecraft:stone_pickaxe":28,"minecraft:chest":6,"vanillaplustools:stone_shovel":2,"minecraft:cooked_beef":1,"minecraft:cooked_porkchop":10,"minecraft:crafting_table":3,"minecraft:wooden_pickaxe":1,"minecraft:cooked_salmon":4,"minecraft:copper_ingot":32,"minecraft:birch_planks":48,"minecraft:bucket":1,"minecraft:stone_axe":1,"minecraft:air":0,"minecraft:oak_boat":3,"minecraft:stick":204,"minecraft:iron_ingot":6,"minecraft:iron_pickaxe":1,"minecraft:stonecutter":1,"minecraft:white_bed":2,"minecraft:torch":68},"minecraft:mined":{"create:zinc_ore":10,"create:deepslate_zinc_ore":14,"minecraft:tuff":58,"spore:infested_sand":4,"spore:wall_growths_big":4,"minecraft:deepslate_diamond_ore":13,"minecraft:cobblestone_stairs":100,"minecraft:brewing_stand":1,"minecraft:light_blue_carpet":1,"minecraft:granite":1,"minecraft:grass_block":555,"spore:rotten_bush":1,"minecraft:spawner":4,"minecraft:hay_block":2,"spore:mycelium_veins":3,"minecraft:tall_seagrass":1,"minecraft:raw_iron_block":3,"minecraft:redstone_ore":12,"minecraft:furnace":2,"minecraft:carrots":3,"minecraft:iron_ore":11,"spore:blomfung":2,"minecraft:andesite":14,"minecraft:deepslate_lapis_ore":17,"minecraft:deepslate_iron_ore":65,"minecraft:iron_bars":2,"minecraft:stone":1197,"create:veridium":1,"minecraft:white_wool":5,"minecraft:deepslate_redstone_ore":48,"travelersbackpack:standard":2,"minecraft:crafting_table":5,"minecraft:torch":13,"minecraft:chest":2,"minecraft:cobblestone":533,"minecraft:tall_grass":4,"minecraft:deepslate_gold_ore":46,"minecraft:bricks":1,"minecraft:diorite":1,"minecraft:wall_torch":10,"spore:bloomfung2":1,"minecraft:birch_log":12,"minecraft:jukebox":1,"minecraft:grass":17,"minecraft:oak_log":150,"minecraft:coal_ore":77,"minecraft:gravel":1,"minecraft:sand":8,"minecraft:dirt":1121,"minecraft:cracked_stone_bricks":1,"minecraft:stone_bricks":1,"minecraft:oak_leaves":18,"minecraft:deepslate":411},"minecraft:picked_up":{"minecraft:crafting_table":4,"minecraft:chicken":2,"minecraft:diamond_sword":1,"minecraft:oak_stairs":6,"minecraft:cooked_rabbit":1,"tombstone:grave_key":1,"minecraft:brewing_stand":1,"minecraft:string":1,"spore:infested_cobblestone":4,"securitycraft:reinforced_dirt":1,"vanillaplustools:stone_shovel":1,"minecraft:cracked_stone_bricks":3,"minecraft:cobbled_deepslate":348,"spore:infested_sand":15,"minecraft:light_gray_wool":1,"fabledweaponry:greatsword_iron":2,"minecraft:chest":2,"minecraft:egg":1,"minecraft:furnace":3,"minecraft:raw_iron":74,"minecraft:stick":14,"securitycraft:reinforced_cobblestone":15,"minecraft:jukebox":1,"minecraft:torch":35,"minecraft:porkchop":1,"tombstone:grave_dust":2,"minecraft:carrot":12,"minecraft:redstone":271,"minecraft:arrow":4,"minecraft:rotten_flesh":4,"minecraft:hay_block":2,"create:veridium":1,"minecraft:mutton":12,"minecraft:iron_bars":2,"minecraft:white_wool":23,"minecraft:cobblestone":1764,"minecraft:birch_log":12,"minecraft:feather":2,"minecraft:andesite":6,"minecraft:salmon":8,"create:raw_zinc":27,"minecraft:tuff":73,"minecraft:oak_log":160,"fabledweaponry:longbow_leather":1,"minecraft:gunpowder":2,"minecraft:cobblestone_stairs":96,"minecraft:lapis_lazuli":111,"minecraft:dirt":1536,"minecraft:cooked_mutton":20,"minecraft:bone":9,"minecraft:stone_bricks":3,"minecraft:wheat_seeds":6,"minecraft:raw_gold":46,"minecraft:stone_pickaxe":3,"comforts:sleeping_bag_pink":14,"securitycraft:universal_block_reinforcer_lvl1":6,"spore:mutated_fiber":6,"minecraft:mossy_stone_bricks":2,"minecraft:oak_planks":139,"minecraft:cooked_porkchop":41,"spore:armor_fragment":8,"minecraft:raw_iron_block":3,"minecraft:gravel":1,"minecraft:sand":11,"securitycraft:universal_block_remover":4,"travelersbackpack:standard":3,"spore:claw_fragment":8,"minecraft:diamond":13,"minecraft:stone_axe":1,"vanillaplustools:stone_hammer":1,"minecraft:granite":1,"minecraft:golden_apple":2,"minecraft:oak_sapling":21,"minecraft:bricks":1,"minecraft:coal":78,"minecraft:ender_pearl":1},"minecraft:broken":{"minecraft:leather_chestplate":1,"minecraft:stone_pickaxe":2,"vanillaplustools:stone_hammer":2,"minecraft:iron_pickaxe":1,"vanillaplustools:stone_shovel":2,"securitycraft:universal_block_reinforcer_lvl1":5}},"DataVersion":3465}